t_s,vrms,irms,power,event,event_t_s,delta_va,direction,cluster,fragments
3.020647,0.000014,0.0013,0.2991,0,,,,,
4.019704,0.000014,0.0013,0.2989,0,,,,,
5.019920,0.000014,0.0013,0.3069,0,,,,,
6.020136,0.000014,0.0013,0.2962,0,,,,,
7.020356,0.000014,0.0013,0.2972,0,,,,,
8.020572,0.000013,0.0012,0.2881,0,,,,,
9.019629,0.000013,0.0012,0.2792,0,,,,,
10.019845,0.000014,0.0013,0.3011,0,,,,,
11.020061,0.000014,0.0013,0.3122,0,,,,,
12.020280,0.000013,0.0012,0.2898,0,,,,,
13.020497,0.000013,0.0012,0.2850,0,,,,,
14.019550,0.000014,0.0013,0.3011,0,,,,,
15.019770,0.000014,0.0012,0.2934,0,,,,,
16.019985,0.000014,0.0013,0.3010,0,,,,,
17.020203,0.000014,0.0012,0.2934,0,,,,,
18.020422,0.000014,0.0013,0.3034,0,,,,,
19.020638,0.000013,0.0012,0.2787,0,,,,,
20.019691,0.000014,0.0012,0.2948,0,,,,,
21.019913,0.000014,0.0013,0.2977,0,,,,,
22.020128,0.000014,0.0013,0.3019,0,,,,,
23.020344,0.000013,0.0012,0.2862,0,,,,,
24.020563,0.000014,0.0012,0.2938,0,,,,,
25.019615,0.000014,0.0013,0.2990,0,,,,,
26.019833,0.000014,0.0013,0.3044,0,,,,,
27.020052,0.000014,0.0013,0.2996,0,,,,,
28.020267,0.000013,0.0012,0.2926,0,,,,,
29.020485,0.000014,0.0013,0.3024,0,,,,,
30.019541,0.000013,0.0012,0.2838,0,,,,,
31.019756,0.000014,0.0012,0.2953,0,,,,,
32.019974,0.000013,0.0012,0.2834,0,,,,,
33.020191,0.000013,0.0012,0.2905,0,,,,,
34.020409,0.000014,0.0013,0.2969,0,,,,,
35.020630,0.000014,0.0013,0.2962,0,,,,,
36.019680,0.000014,0.0012,0.2955,0,,,,,
37.019897,0.000014,0.0013,0.2987,0,,,,,
38.020119,0.000013,0.0012,0.2862,0,,,,,
39.020336,0.000013,0.0012,0.2833,0,,,,,
40.020554,0.000014,0.0012,0.2953,0,,,,,
41.019608,0.000013,0.0012,0.2817,0,,,,,
42.019825,0.000013,0.0012,0.2907,0,,,,,
43.020039,0.000013,0.0012,0.2926,0,,,,,
44.020260,0.000013,0.0012,0.2803,0,,,,,
45.020477,0.000013,0.0012,0.2858,0,,,,,
46.019527,0.000013,0.0012,0.2920,0,,,,,
47.019749,0.000013,0.0012,0.2889,0,,,,,
48.019962,0.000014,0.0013,0.2992,0,,,,,
49.020180,0.000030,0.0028,0.6613,0,,,,,
50.020401,0.000038,0.0035,0.8259,0,,,,,
51.020615,0.000037,0.0034,0.8118,0,,,,,
52.019669,0.000038,0.0035,0.8310,0,,,,,
53.019890,0.000038,0.0035,0.8315,0,,,,,
54.020103,0.000039,0.0035,0.8365,0,,,,,
55.020321,0.000013,0.0012,0.2921,0,,,,,
56.020538,0.000013,0.0012,0.2913,0,,,,,
57.019592,0.000014,0.0013,0.2975,0,,,,,
58.019810,0.000014,0.0012,0.2945,0,,,,,
59.020031,0.000014,0.0013,0.3022,0,,,,,
60.020248,0.000013,0.0012,0.2902,0,,,,,
61.020466,0.000013,0.0012,0.2878,0,,,,,
62.019520,0.000013,0.0012,0.2904,0,,,,,
63.019737,0.000013,0.0012,0.2913,0,,,,,
64.019958,0.000013,0.0012,0.2879,0,,,,,
65.020172,0.000013,0.0012,0.2783,0,,,,,
66.020386,0.000013,0.0012,0.2931,0,,,,,
67.020607,0.000013,0.0012,0.2798,0,,,,,
68.019661,0.000014,0.0013,0.2964,0,,,,,
69.019875,0.000014,0.0012,0.2948,0,,,,,
70.020096,0.000013,0.0012,0.2765,0,,,,,
71.020309,0.000013,0.0012,0.2924,0,,,,,
72.020531,0.000014,0.0013,0.2969,0,,,,,
73.019585,0.000014,0.0013,0.3059,0,,,,,
74.019798,0.000013,0.0012,0.2912,0,,,,,
75.020020,0.000014,0.0012,0.2946,0,,,,,
76.020241,0.000013,0.0012,0.2874,0,,,,,
79.019730,0.000014,0.0013,0.3004,0,,,,,
80.019943,0.000013,0.0012,0.2911,0,,,,,
81.020157,0.000013,0.0012,0.2886,0,,,,,
82.020378,0.000013,0.0012,0.2889,0,,,,,
83.020592,0.000014,0.0013,0.2965,0,,,,,
84.019646,0.000013,0.0012,0.2860,0,,,,,
85.019867,0.000014,0.0013,0.2983,0,,,,,
86.020081,0.000014,0.0012,0.2943,0,,,,,
87.020294,0.000013,0.0012,0.2847,0,,,,,
88.020523,0.000013,0.0012,0.2859,0,,,,,
89.019569,0.000013,0.0012,0.2874,0,,,,,
90.019791,0.000014,0.0013,0.2977,0,,,,,
91.020004,0.000013,0.0012,0.2843,0,,,,,
92.020226,0.000013,0.0012,0.2928,0,,,,,
93.020447,0.000013,0.0012,0.2786,0,,,,,
94.019493,0.000013,0.0012,0.2921,0,,,,,
95.019714,0.000013,0.0012,0.2911,0,,,,,
96.019936,0.000014,0.0012,0.2944,0,,,,,
97.020149,0.000013,0.0012,0.2926,0,,,,,
98.020370,0.000014,0.0013,0.2964,0,,,,,
99.020584,0.000013,0.0012,0.2887,0,,,,,
100.019638,0.000013,0.0012,0.2913,0,,,,,
101.019859,0.000014,0.0013,0.3034,0,,,,,
102.020073,0.000013,0.0012,0.2802,0,,,,,
103.020287,0.000013,0.0012,0.2907,0,,,,,
104.020508,0.000014,0.0013,0.3027,0,,,,,
105.019562,0.000013,0.0012,0.2859,0,,,,,
106.019775,0.000013,0.0012,0.2839,0,,,,,
107.019989,0.000013,0.0012,0.2932,0,,,,,
108.020218,0.000014,0.0012,0.2941,0,,,,,
109.020432,0.000013,0.0012,0.2821,0,,,,,
110.020645,0.000014,0.0013,0.2961,0,,,,,
111.019707,0.000013,0.0012,0.2863,0,,,,,
112.019920,0.000014,0.0012,0.2956,0,,,,,
113.020134,0.000014,0.0013,0.3072,0,,,,,
114.020355,0.000013,0.0012,0.2900,0,,,,,
115.020576,0.000014,0.0012,0.2955,0,,,,,
116.019630,0.000013,0.0012,0.2780,0,,,,,
117.019852,0.000013,0.0012,0.2846,0,,,,,
118.020065,0.000013,0.0012,0.2830,0,,,,,
121.019554,0.000014,0.0013,0.3004,0,,,,,
122.019768,0.000013,0.0012,0.2917,0,,,,,
123.019981,0.000013,0.0012,0.2845,0,,,,,
124.020203,0.000014,0.0013,0.2979,0,,,,,
125.020424,0.000014,0.0013,0.3024,0,,,,,
126.020638,0.000014,0.0013,0.3109,0,,,,,
127.019691,0.000014,0.0013,0.3122,0,,,,,
128.019913,0.000014,0.0013,0.3137,0,,,,,
129.020126,0.000014,0.0013,0.3034,0,,,,,
130.020340,0.000014,0.0013,0.3020,0,,,,,
131.020554,0.000014,0.0013,0.3035,0,,,,,
132.019623,0.000013,0.0012,0.2932,0,,,,,
133.019836,0.000013,0.0012,0.2860,0,,,,,
134.020050,0.000014,0.0013,0.2996,0,,,,,
135.020279,0.000014,0.0012,0.2949,0,,,,,
136.020477,0.000013,0.0012,0.2883,0,,,,,
137.019531,0.000014,0.0013,0.3006,0,,,,,
138.019760,0.000014,0.0013,0.2971,0,,,,,
139.019974,0.000013,0.0012,0.2885,0,,,,,
140.020187,0.000014,0.0013,0.3013,0,,,,,
141.020416,0.000014,0.0013,0.3001,0,,,,,
142.020630,0.000013,0.0012,0.2902,0,,,,,
143.019684,0.000013,0.0012,0.2899,0,,,,,
144.019897,0.000013,0.0012,0.2846,0,,,,,
145.020111,0.000013,0.0012,0.2836,0,,,,,
146.020340,0.000013,0.0012,0.2920,0,,,,,
147.020538,0.000013,0.0012,0.2846,0,,,,,
148.019608,0.000014,0.0013,0.2974,0,,,,,
149.019821,0.000013,0.0012,0.2894,0,,,,,
150.020035,0.000013,0.0012,0.2870,0,,,,,
151.020248,0.000014,0.0013,0.3097,0,,,,,
152.020477,0.000013,0.0012,0.2907,0,,,,,
153.019516,0.000013,0.0012,0.2824,0,,,,,
154.019745,0.000013,0.0012,0.2853,0,,,,,
155.019974,0.000013,0.0012,0.2913,0,,,,,
156.020172,0.000013,0.0012,0.2856,0,,,,,
157.020401,0.000013,0.0012,0.2880,0,,,,,
158.020615,0.000014,0.0012,0.2940,0,,,,,
159.019669,0.000013,0.0012,0.2737,0,,,,,
160.019882,0.000013,0.0012,0.2892,0,,,,,
161.020111,0.000028,0.0026,0.6130,0,,,,,
162.020325,0.000014,0.0012,0.2949,0,,,,,
163.020538,0.000014,0.0012,0.2947,0,,,,,
164.019608,0.030112,2.7626,654.0498,0,,,,,
165.019806,0.036440,3.3432,791.5129,0,,,,,
166.020035,0.037015,3.3960,803.9921,0,,,,,
167.020233,0.036450,3.3441,791.7189,0,,,,,
168.020462,0.037014,3.3959,803.9777,0,,,,,
169.019516,0.036558,3.3540,794.0695,0,,,,,
170.019730,0.036858,3.3816,800.5822,1,164.019608,795.3404,1,-1,1
171.020096,0.036294,3.3298,788.3297,0,,,,,
172.020325,0.037001,3.3947,803.6939,0,,,,,
173.020523,0.036325,3.3327,789.0095,0,,,,,
174.019577,0.036959,3.3908,802.7670,0,,,,,
175.019806,0.036470,3.3460,792.1550,0,,,,,
176.020020,0.036693,3.3664,797.0034,0,,,,,
177.020233,0.036524,3.3510,793.3381,0,,,,,
178.020447,0.036616,3.3593,795.3200,0,,,,,
179.019501,0.036702,3.3672,797.1890,0,,,,,
180.019730,0.036414,3.3409,790.9493,0,,,,,
181.019943,0.036711,3.3681,797.3862,0,,,,,
182.020157,0.036363,3.3361,789.8268,0,,,,,
183.020386,0.036841,3.3800,800.2137,0,,,,,
184.020599,0.036216,3.3226,786.6338,0,,,,,
185.019653,0.036909,3.3862,801.6873,0,,,,,
186.019867,0.036231,3.3240,786.9662,0,,,,,
187.020081,0.037006,3.3951,803.7892,0,,,,,
188.020309,0.036091,3.3112,783.9180,0,,,,,
189.020508,0.036899,3.3853,801.4648,0,,,,,
190.019562,0.036095,3.3116,784.0170,0,,,,,
191.019791,0.036936,3.3887,802.2686,0,,,,,
192.020004,0.035994,3.3023,781.8222,0,,,,,
193.020218,0.036933,3.3884,802.2111,0,,,,,
194.020447,0.036069,3.3091,783.4366,0,,,,,
195.019501,0.036953,3.3902,802.6389,0,,,,,
196.019714,0.036010,3.3038,782.1712,0,,,,,
197.019943,0.036943,3.3894,802.4383,0,,,,,
198.020142,0.036040,3.3065,782.8073,0,,,,,
199.020370,0.036856,3.3814,800.5408,0,,,,,
200.020599,0.036064,3.3087,783.3260,0,,,,,
201.019638,0.036899,3.3853,801.4691,0,,,,,
202.019852,0.036085,3.3106,783.7902,0,,,,,
203.020081,0.036897,3.3852,801.4384,0,,,,,
204.020294,0.036109,3.3128,784.3113,0,,,,,
205.020508,0.036830,3.3790,799.9692,0,,,,,
208.020004,0.036225,3.3235,786.8331,0,,,,,
209.020203,0.036692,3.3663,796.9741,0,,,,,
210.020432,0.036170,3.3185,785.6472,0,,,,,
211.020645,0.036635,3.3611,795.7355,0,,,,,
212.019714,0.036206,3.3217,786.4229,0,,,,,
213.019913,0.036525,3.3510,793.3469,0,,,,,
214.020126,0.036416,3.3410,790.9816,0,,,,,
215.020355,0.036299,3.3303,788.4509,0,,,,,
216.020569,0.036500,3.3487,792.7977,0,,,,,
217.019638,0.036106,3.3126,784.2543,0,,,,,
218.019836,0.036559,3.3542,794.0980,0,,,,,
219.020065,0.035960,3.2992,781.0782,0,,,,,
220.020294,0.009177,0.8420,199.3384,0,,,,,
221.020493,0.000039,0.0036,0.8495,0,,,,,
222.019547,0.000021,0.0019,0.4586,0,,,,,
223.019775,0.000016,0.0015,0.3461,0,,,,,
224.019989,0.000015,0.0014,0.3248,0,,,,,
225.020203,0.000014,0.0013,0.2961,0,,,,,
226.020416,0.000015,0.0014,0.3263,1,220.020294,785.9257,-1,-1,1
227.020645,0.000014,0.0013,0.3124,0,,,,,
228.019699,0.000014,0.0013,0.3101,0,,,,,
229.019897,0.000015,0.0013,0.3154,0,,,,,
230.020126,0.000015,0.0013,0.3184,0,,,,,
231.020340,0.000014,0.0013,0.3038,0,,,,,
232.020554,0.000014,0.0013,0.3034,0,,,,,
233.019623,0.000014,0.0013,0.3103,0,,,,,
234.019836,0.000014,0.0013,0.3032,0,,,,,
235.020050,0.000015,0.0014,0.3305,0,,,,,
236.020279,0.000014,0.0013,0.3114,0,,,,,
237.020477,0.000014,0.0013,0.3047,0,,,,,
238.019531,0.000015,0.0013,0.3156,0,,,,,
239.019760,0.000014,0.0013,0.3089,0,,,,,
240.019974,0.000014,0.0013,0.3063,0,,,,,
241.020187,0.000014,0.0013,0.3037,0,,,,,
242.020416,0.000015,0.0014,0.3253,0,,,,,
243.020630,0.000014,0.0012,0.2949,0,,,,,
244.019684,0.000015,0.0013,0.3183,0,,,,,
245.019897,0.000014,0.0013,0.3049,0,,,,,
246.020111,0.000015,0.0013,0.3163,0,,,,,
247.020340,0.000014,0.0013,0.2989,0,,,,,
248.020538,0.000014,0.0013,0.3055,0,,,,,
249.019608,0.000014,0.0013,0.3046,0,,,,,
250.019821,0.000015,0.0014,0.3347,0,,,,,
251.020035,0.000015,0.0014,0.3225,0,,,,,
252.020248,0.000015,0.0014,0.3210,0,,,,,
253.020477,0.000015,0.0013,0.3169,0,,,,,
254.019516,0.000015,0.0013,0.3192,0,,,,,
255.019745,0.000015,0.0014,0.3332,0,,,,,
256.019958,0.000015,0.0014,0.3262,0,,,,,
257.020172,0.000015,0.0013,0.3194,0,,,,,
258.020386,0.000015,0.0013,0.3181,0,,,,,
259.020599,0.000014,0.0013,0.3134,0,,,,,
260.019653,0.000014,0.0013,0.3109,0,,,,,
261.019897,0.000015,0.0014,0.3203,0,,,,,
262.020111,0.000015,0.0014,0.3199,0,,,,,
263.020325,0.000014,0.0013,0.3103,0,,,,,
264.020538,0.000014,0.0013,0.3095,0,,,,,
265.019592,0.000015,0.0013,0.3158,0,,,,,
266.019806,0.000014,0.0013,0.3110,0,,,,,
267.020020,0.000014,0.0013,0.3054,0,,,,,
268.020233,0.000014,0.0013,0.3021,0,,,,,
269.020477,0.000013,0.0012,0.2912,0,,,,,
270.019531,0.000014,0.0012,0.2950,0,,,,,
271.019745,0.000013,0.0012,0.2885,0,,,,,
272.019958,0.000014,0.0013,0.3061,0,,,,,
273.020172,0.000014,0.0013,0.2990,0,,,,,
274.020386,0.000014,0.0013,0.3022,0,,,,,
275.020599,0.000014,0.0013,0.2998,0,,,,,
276.019653,0.000014,0.0013,0.3060,0,,,,,
277.019867,0.000013,0.0012,0.2911,0,,,,,
278.020111,0.000013,0.0012,0.2923,0,,,,,
279.020325,0.000014,0.0013,0.2987,0,,,,,
280.020538,0.000014,0.0013,0.3066,0,,,,,
281.019592,0.000013,0.0012,0.2815,0,,,,,
282.019806,0.000014,0.0013,0.2966,0,,,,,
283.020020,0.000013,0.0012,0.2855,0,,,,,
284.020233,0.000014,0.0013,0.3073,0,,,,,
285.020447,0.000013,0.0012,0.2909,0,,,,,
286.019531,0.000013,0.0012,0.2851,0,,,,,
287.019714,0.000013,0.0012,0.2844,0,,,,,
288.019928,0.000013,0.0012,0.2890,0,,,,,
289.020172,0.000013,0.0012,0.2875,0,,,,,
290.020386,0.000014,0.0013,0.3067,0,,,,,
291.020599,0.000014,0.0013,0.3008,0,,,,,
292.019653,0.000014,0.0012,0.2936,0,,,,,
293.019867,0.000013,0.0012,0.2807,0,,,,,
294.020111,0.000014,0.0013,0.2982,0,,,,,
295.020294,0.000014,0.0012,0.2941,0,,,,,
296.020508,0.000018,0.0016,0.3870,0,,,,,
297.019592,0.000014,0.0013,0.3011,0,,,,,
298.019775,0.000014,0.0013,0.2978,0,,,,,
299.019989,0.000013,0.0012,0.2831,0,,,,,
300.020233,0.000013,0.0012,0.2793,0,,,,,
301.020447,0.000606,0.0556,13.1569,0,,,,,
302.019501,0.002710,0.2487,58.8704,0,,,,,
303.019714,0.002188,0.2008,47.5286,0,,,,,
304.019928,0.002096,0.1923,45.5335,0,,,,,
305.020172,0.002088,0.1915,45.3447,0,,,,,
306.020355,0.002107,0.1933,45.7642,0,,,,,
307.020569,0.002076,0.1905,45.1011,1,302.019501,41.5625,1,-1,1
308.019653,0.002107,0.1933,45.7726,0,,,,,
309.019836,0.002081,0.1909,45.1945,0,,,,,
310.020050,0.002109,0.1935,45.8134,0,,,,,
311.020294,0.002077,0.1906,45.1196,0,,,,,
312.020508,0.002110,0.1936,45.8387,0,,,,,
313.019562,0.002075,0.1903,45.0648,0,,,,,
314.019775,0.002111,0.1937,45.8507,0,,,,,
315.019989,0.002083,0.1911,45.2359,0,,,,,
316.020233,0.002111,0.1937,45.8521,0,,,,,
317.020416,0.002082,0.1910,45.2200,0,,,,,
318.020630,0.002115,0.1941,45.9435,0,,,,,
319.019714,0.002080,0.1909,45.1858,0,,,,,
320.019897,0.002112,0.1938,45.8798,0,,,,,
321.020142,0.002079,0.1908,45.1629,0,,,,,
322.020355,0.002116,0.1941,45.9572,0,,,,,
323.020569,0.002079,0.1908,45.1626,0,,,,,
324.019623,0.002118,0.1943,46.0068,0,,,,,
325.019836,0.002071,0.1900,44.9915,0,,,,,
326.020050,0.002124,0.1948,46.1258,0,,,,,
327.020294,0.002073,0.1902,45.0210,0,,,,,
328.020508,0.002122,0.1946,46.0831,0,,,,,
329.019562,0.002072,0.1901,45.0047,0,,,,,
330.019775,0.002123,0.1947,46.1047,0,,,,,
331.019989,0.006623,0.6076,143.8506,0,,,,,
332.020203,0.002184,0.2004,47.4342,0,,,,,
333.020416,0.002137,0.1960,46.4119,0,,,,,
334.020630,0.004378,0.4017,95.1012,0,,,,,
335.019684,0.004638,0.4255,100.7452,0,,,,,
336.019897,0.004859,0.4458,105.5481,0,,,,,
337.020142,0.006265,0.5748,136.0762,0,,,,,
338.020355,0.006050,0.5551,131.4113,0,,,,,
339.020569,0.006336,0.5813,137.6297,0,,,,,
340.019623,0.006069,0.5568,131.8193,0,,,,,
341.019836,0.006271,0.5753,136.2022,1,335.019684,61.3627,1,-1,1
342.020050,0.006079,0.5577,132.0354,0,,,,,
343.020264,0.006120,0.5614,132.9232,0,,,,,
344.020477,0.006261,0.5744,135.9985,0,,,,,
345.019562,0.006067,0.5567,131.7900,0,,,,,
346.019745,0.006342,0.5819,137.7556,0,,,,,
347.019958,0.006049,0.5549,131.3819,0,,,,,
348.020203,0.006315,0.5793,137.1565,0,,,,,
349.020416,0.006000,0.5504,130.3168,0,,,,,
350.020630,0.006318,0.5797,137.2343,0,,,,,
351.019684,0.006045,0.5546,131.3102,0,,,,,
352.019897,0.006272,0.5754,136.2241,0,,,,,
353.020142,0.006083,0.5581,132.1311,0,,,,,
354.020325,0.006281,0.5762,136.4172,0,,,,,
355.020538,0.006098,0.5594,132.4473,0,,,,,
356.019623,0.006224,0.5711,135.1965,0,,,,,
357.019806,0.006146,0.5639,133.4961,0,,,,,
358.020020,0.006210,0.5697,134.8840,0,,,,,
359.020264,0.006147,0.5640,133.5159,0,,,,,
360.020477,0.006203,0.5691,134.7444,0,,,,,
361.019531,0.006168,0.5659,133.9819,0,,,,,
362.019745,0.006228,0.5714,135.2787,0,,,,,
363.019958,0.006139,0.5632,133.3438,0,,,,,
364.020203,0.006183,0.5673,134.2989,0,,,,,
365.020416,0.006191,0.5680,134.4794,0,,,,,
366.020599,0.006199,0.5687,134.6424,0,,,,,
367.019684,0.006186,0.5675,134.3541,0,,,,,
368.019897,0.006136,0.5629,133.2682,0,,,,,
369.020111,0.006236,0.5722,135.4582,0,,,,,
370.020325,0.036741,3.3708,798.0441,0,,,,,
371.020538,0.042484,3.8977,922.7920,0,,,,,
372.019592,0.041638,3.8201,904.4136,0,,,,,
373.019806,0.042693,3.9169,927.3225,0,,,,,
374.020020,0.041617,3.8182,903.9539,0,,,,,
375.020264,0.042700,3.9175,927.4708,0,,,,,
376.020477,0.041513,3.8086,901.6893,1,370.020325,783.8158,1,-1,1
377.019531,0.042829,3.9294,930.2736,0,,,,,
378.019745,0.041479,3.8055,900.9493,0,,,,,
379.019958,0.042651,3.9131,926.4212,0,,,,,
380.020172,0.041444,3.8023,900.2043,0,,,,,
381.020386,0.042715,3.9189,927.8030,0,,,,,
382.020599,0.041521,3.8094,901.8734,0,,,,,
383.019653,0.042720,3.9194,927.9108,0,,,,,
384.019867,0.041506,3.8080,901.5411,0,,,,,
385.020111,0.042575,3.9061,924.7647,0,,,,,
386.020325,0.041578,3.8146,903.1074,0,,,,,
387.020538,0.042385,3.8886,920.6320,0,,,,,
388.019592,0.041619,3.8184,904.0058,0,,,,,
389.019806,0.042220,3.8735,917.0438,0,,,,,
390.020020,0.041789,3.8339,907.6801,0,,,,,
391.020233,0.042128,3.8650,915.0465,0,,,,,
392.020447,0.042023,3.8554,912.7728,0,,,,,
393.019531,0.042002,3.8535,912.3171,0,,,,,
394.019714,0.042093,3.8619,914.2999,0,,,,,
395.019928,0.041760,3.8313,907.0497,0,,,,,
396.020172,0.042137,3.8659,915.2465,0,,,,,
397.020386,0.020476,1.8786,444.7568,0,,,,,
398.020599,0.006231,0.5716,135.3352,0,,,,,
399.019653,0.006078,0.5576,132.0222,0,,,,,
400.019867,0.006246,0.5730,135.6651,0,,,,,
401.020111,0.006130,0.5624,133.1584,0,,,,,
402.020294,0.006249,0.5733,135.7374,0,,,,,
403.020508,0.006202,0.5690,134.7122,1,397.020386,777.8581,-1,1,1
404.019592,0.006153,0.5645,133.6427,0,,,,,
405.019775,0.006261,0.5744,135.9891,0,,,,,
406.019989,0.006078,0.5576,132.0102,0,,,,,
407.020233,0.006287,0.5768,136.5630,0,,,,,
408.020447,0.006048,0.5549,131.3708,0,,,,,
409.019501,0.006303,0.5783,136.9154,0,,,,,
410.019714,0.006047,0.5548,131.3484,0,,,,,
411.019928,0.006311,0.5790,137.0695,0,,,,,
412.020172,0.006029,0.5531,130.9501,0,,,,,
413.020355,0.006323,0.5801,137.3376,0,,,,,
414.020569,0.006042,0.5543,131.2414,0,,,,,
415.019653,0.006310,0.5789,137.0518,0,,,,,
416.019836,0.006035,0.5537,131.0779,0,,,,,
417.020050,0.006307,0.5787,136.9954,0,,,,,
418.020294,0.006022,0.5525,130.7931,0,,,,,
419.020508,0.006308,0.5787,137.0047,0,,,,,
420.019562,0.006049,0.5550,131.3979,0,,,,,
421.019775,0.005463,0.5012,118.6607,0,,,,,
422.019989,0.002076,0.1904,45.0882,0,,,,,
423.020233,0.002130,0.1954,46.2591,0,,,,,
424.020416,0.002078,0.1907,45.1409,0,,,,,
425.020630,0.002129,0.1953,46.2448,0,,,,,
426.019714,0.002073,0.1902,45.0306,0,,,,,
427.019897,0.002129,0.1953,46.2404,0,,,,,
428.020142,0.002075,0.1904,45.0790,1,422.019989,83.1395,-1,-1,1
429.020355,0.002131,0.1955,46.2830,0,,,,,
430.020569,0.002078,0.1906,45.1283,0,,,,,
431.019623,0.002124,0.1949,46.1381,0,,,,,
432.019836,0.002080,0.1909,45.1866,0,,,,,
433.020050,0.002118,0.1944,46.0131,0,,,,,
434.020294,0.002088,0.1916,45.3525,0,,,,,
435.020508,0.002114,0.1939,45.9083,0,,,,,
436.019562,0.002097,0.1924,45.5529,0,,,,,
437.019775,0.002107,0.1933,45.7576,0,,,,,
438.019989,0.002099,0.1926,45.6016,0,,,,,
439.020203,0.002114,0.1939,45.9117,0,,,,,
440.020416,0.002094,0.1921,45.4853,0,,,,,
441.020630,0.002114,0.1939,45.9160,0,,,,,
442.019684,0.002094,0.1921,45.4867,0,,,,,
443.019897,0.002117,0.1942,45.9763,0,,,,,
444.020142,0.002095,0.1922,45.5094,0,,,,,
445.020355,0.002128,0.1952,46.2212,0,,,,,
446.020569,0.002082,0.1910,45.2283,0,,,,,
447.019623,0.002131,0.1955,46.2780,0,,,,,
448.019836,0.001422,0.1304,30.8800,0,,,,,
449.020050,0.000014,0.0013,0.3038,0,,,,,
450.020264,0.000014,0.0012,0.2936,0,,,,,
451.020477,0.000013,0.0012,0.2917,0,,,,,
452.019562,0.000015,0.0013,0.3162,0,,,,,
453.019745,0.000014,0.0013,0.3138,0,,,,,
454.019958,0.000013,0.0012,0.2850,0,,,,,
455.020203,0.000014,0.0013,0.2993,1,449.020050,40.4949,-1,-1,1
456.020416,0.000014,0.0013,0.3086,0,,,,,
457.020630,0.000014,0.0013,0.2978,0,,,,,
458.019684,0.000014,0.0013,0.2974,0,,,,,
459.019897,0.000014,0.0013,0.3012,0,,,,,
460.020142,0.000014,0.0013,0.3066,0,,,,,
461.020325,0.000014,0.0013,0.2998,0,,,,,
462.020538,0.000014,0.0013,0.3114,0,,,,,
463.019623,0.000014,0.0013,0.3076,0,,,,,
464.019806,0.000014,0.0012,0.2951,0,,,,,
465.020020,0.000014,0.0013,0.3090,0,,,,,
466.020264,0.000014,0.0013,0.3059,0,,,,,
467.020477,0.000014,0.0013,0.2997,0,,,,,
468.019531,0.000015,0.0014,0.3304,0,,,,,
469.019745,0.000013,0.0012,0.2907,0,,,,,
470.019958,0.000014,0.0013,0.3005,0,,,,,
471.020203,0.000015,0.0013,0.3153,0,,,,,
472.020416,0.000014,0.0013,0.3087,0,,,,,
473.020599,0.000014,0.0012,0.2934,0,,,,,
474.019684,0.000014,0.0013,0.2997,0,,,,,
475.019897,0.000014,0.0013,0.2982,0,,,,,
476.020111,0.000014,0.0012,0.2941,0,,,,,
477.020325,0.000014,0.0013,0.2989,0,,,,,
478.020538,0.000014,0.0013,0.2977,0,,,,,
479.019592,0.000013,0.0012,0.2921,0,,,,,
480.019806,0.000014,0.0013,0.3118,0,,,,,
481.020020,0.000014,0.0013,0.3041,0,,,,,
482.020264,0.000014,0.0013,0.3041,0,,,,,
483.020477,0.000013,0.0012,0.2869,0,,,,,
484.019531,0.000014,0.0013,0.3011,0,,,,,
485.019745,0.000013,0.0012,0.2882,0,,,,,
486.019958,0.000013,0.0012,0.2927,0,,,,,
487.020172,0.000014,0.0013,0.2972,0,,,,,
488.020386,0.000013,0.0012,0.2925,0,,,,,
489.020599,0.000013,0.0012,0.2910,0,,,,,
490.019653,0.000013,0.0012,0.2894,0,,,,,
491.019867,0.000013,0.0012,0.2914,0,,,,,
492.020111,0.000014,0.0013,0.2990,0,,,,,
493.020325,0.000014,0.0013,0.3091,0,,,,,
494.020538,0.000013,0.0012,0.2852,0,,,,,
495.019592,0.000014,0.0013,0.2983,0,,,,,
496.019806,0.000013,0.0012,0.2880,0,,,,,
497.020020,0.000014,0.0012,0.2959,0,,,,,
498.020233,0.000014,0.0013,0.2969,0,,,,,
499.020447,0.000014,0.0013,0.3092,0,,,,,
500.019531,0.000013,0.0012,0.2901,0,,,,,
501.019714,0.000013,0.0012,0.2904,0,,,,,
502.019928,0.000013,0.0012,0.2889,0,,,,,
503.020172,0.000013,0.0012,0.2926,0,,,,,
504.020386,0.000014,0.0013,0.3046,0,,,,,
505.020599,0.000013,0.0012,0.2898,0,,,,,
506.019653,0.000013,0.0012,0.2816,0,,,,,
507.019867,0.000014,0.0012,0.2939,0,,,,,
508.020111,0.000013,0.0012,0.2922,0,,,,,
509.020294,0.000013,0.0012,0.2908,0,,,,,
510.020508,0.000013,0.0012,0.2817,0,,,,,
511.019592,0.000013,0.0012,0.2839,0,,,,,
512.019775,0.000013,0.0012,0.2823,0,,,,,
513.020020,0.000014,0.0013,0.2984,0,,,,,
514.020203,0.000013,0.0012,0.2826,0,,,,,
515.020447,0.000014,0.0012,0.2936,0,,,,,
516.019470,0.000013,0.0012,0.2875,0,,,,,
517.019714,0.000014,0.0013,0.2963,0,,,,,
518.019958,0.000013,0.0012,0.2888,0,,,,,
519.020142,0.000013,0.0012,0.2889,0,,,,,
520.020325,0.000013,0.0012,0.2923,0,,,,,
521.020569,0.000013,0.0012,0.2878,0,,,,,
522.019653,0.000014,0.0013,0.3066,0,,,,,
523.019836,0.000013,0.0012,0.2931,0,,,,,
524.020081,0.000013,0.0012,0.2845,0,,,,,
525.020264,0.000013,0.0012,0.2909,0,,,,,
526.020508,0.000013,0.0012,0.2928,0,,,,,
527.019531,0.000013,0.0012,0.2919,0,,,,,
528.019775,0.000014,0.0013,0.3140,0,,,,,
529.020020,0.000014,0.0013,0.3027,0,,,,,
530.020203,0.000014,0.0013,0.3058,0,,,,,
531.020386,0.000014,0.0012,0.2945,0,,,,,
532.020630,0.000014,0.0013,0.3031,0,,,,,
533.019714,0.000014,0.0013,0.2996,0,,,,,
534.019897,0.000014,0.0012,0.2949,0,,,,,
535.020142,0.000014,0.0012,0.2937,0,,,,,
536.020325,0.001275,0.1170,27.7004,0,,,,,
537.020569,0.002771,0.2542,60.1827,0,,,,,
538.019653,0.002244,0.2058,48.7319,0,,,,,
539.019836,0.002081,0.1909,45.1981,0,,,,,
540.020020,0.002105,0.1931,45.7253,0,,,,,
541.020264,0.002080,0.1908,45.1744,0,,,,,
542.020508,0.002101,0.1928,45.6354,0,,,,,
543.019531,0.002088,0.1915,45.3445,1,537.020569,37.1221,1,-1,1
544.019775,0.002098,0.1925,45.5754,0,,,,,
545.019958,0.002082,0.1910,45.2176,0,,,,,
546.020203,0.002107,0.1933,45.7583,0,,,,,
547.020386,0.002080,0.1908,45.1809,0,,,,,
548.020630,0.002108,0.1934,45.7854,0,,,,,
549.019714,0.002080,0.1909,45.1842,0,,,,,
550.019897,0.002109,0.1935,45.8197,0,,,,,
551.020081,0.002082,0.1910,45.2146,0,,,,,
552.020325,0.002107,0.1933,45.7729,0,,,,,
553.020569,0.002084,0.1912,45.2711,0,,,,,
554.019592,0.002104,0.1930,45.7032,0,,,,,
555.019836,0.002091,0.1919,45.4270,0,,,,,
556.020020,0.002093,0.1920,45.4626,0,,,,,
557.020264,0.002101,0.1927,45.6297,0,,,,,
558.020508,0.002093,0.1920,45.4512,0,,,,,
559.019531,0.002109,0.1935,45.8063,0,,,,,
560.019775,0.002086,0.1913,45.3020,0,,,,,
561.019958,0.007639,0.7009,165.9348,0,,,,,
562.020203,0.002136,0.1960,46.4005,0,,,,,
563.020386,0.003485,0.3197,75.6975,0,,,,,
564.020630,0.004817,0.4420,104.6388,0,,,,,
565.019714,0.004557,0.4181,98.9827,0,,,,,
566.019897,0.005628,0.5164,122.2542,0,,,,,
567.020081,0.006317,0.5796,137.2194,1,561.019958,30.0591,1,1,1
568.020325,0.006024,0.5527,130.8447,0,,,,,
569.020569,0.006323,0.5801,137.3347,0,,,,,
570.019592,0.006047,0.5548,131.3373,0,,,,,
571.019836,0.006319,0.5797,137.2529,0,,,,,
572.020020,0.006035,0.5537,131.0914,0,,,,,
573.020264,0.006314,0.5793,137.1397,0,,,,,
574.020508,0.006052,0.5553,131.4632,0,,,,,
575.019531,0.006306,0.5785,136.9610,0,,,,,
576.019775,0.006050,0.5551,131.4096,0,,,,,
577.019958,0.006347,0.5823,137.8628,0,,,,,
578.020142,0.006060,0.5560,131.6320,0,,,,,
579.020386,0.006326,0.5804,137.4024,0,,,,,
580.020630,0.006059,0.5559,131.6055,0,,,,,
581.019653,0.006296,0.5776,136.7439,0,,,,,
582.019897,0.006116,0.5611,132.8508,0,,,,,
583.020081,0.006194,0.5682,134.5306,0,,,,,
584.020325,0.006208,0.5696,134.8517,0,,,,,
585.020569,0.006083,0.5580,132.1164,0,,,,,
586.019592,0.006311,0.5790,137.0721,0,,,,,
587.019836,0.006060,0.5560,131.6323,0,,,,,
588.020020,0.006327,0.5805,137.4348,0,,,,,
589.020203,0.037379,3.4293,811.8951,0,,,,,
590.020508,0.042708,3.9183,927.6476,0,,,,,
591.019531,0.041589,3.8156,903.3349,0,,,,,
592.019714,0.042675,3.9152,926.9274,0,,,,,
593.019958,0.041514,3.8087,901.7195,0,,,,,
594.020142,0.042701,3.9176,927.4870,0,,,,,
595.020386,0.041625,3.8189,904.1161,1,589.020203,783.9235,1,2,1
596.020630,0.042642,3.9122,926.2088,0,,,,,
597.019653,0.041647,3.8209,904.5997,0,,,,,
598.019897,0.042500,3.8992,923.1381,0,,,,,
599.020081,0.041967,3.8503,911.5505,0,,,,,
600.020264,0.042093,3.8618,914.2866,0,,,,,
601.020569,0.042215,3.8730,916.9377,0,,,,,
602.019592,0.041828,3.8375,908.5246,0,,,,,
603.019775,0.042429,3.8927,921.5990,0,,,,,
604.020020,0.041543,3.8114,902.3535,0,,,,,
605.020203,0.041715,3.8271,906.0712,0,,,,,
606.020508,0.040682,3.7324,883.6430,0,,,,,
607.019531,0.041714,3.8270,906.0492,0,,,,,
608.019714,0.040473,3.7132,879.1016,0,,,,,
609.019958,0.041821,3.8369,908.3914,0,,,,,
610.020142,0.040530,3.7184,880.3330,0,,,,,
611.020325,0.041711,3.8268,905.9846,0,,,,,
612.020630,0.040601,3.7249,881.8799,0,,,,,
613.019653,0.041588,3.8155,903.3181,0,,,,,
614.019836,0.039505,3.6244,858.0798,0,,,,,
615.020081,0.006381,0.5854,138.6000,0,,,,,
616.020264,0.006115,0.5610,132.8177,0,,,,,
617.020569,0.006360,0.5835,138.1538,0,,,,,
618.019592,0.006119,0.5614,132.9012,0,,,,,
619.019775,0.006357,0.5832,138.0778,0,,,,,
620.020020,0.006117,0.5612,132.8591,1,614.019836,760.5372,-1,-1,1
621.020203,0.006346,0.5823,137.8489,0,,,,,
622.020386,0.006117,0.5612,132.8726,0,,,,,
623.019531,0.006372,0.5846,138.4040,0,,,,,
624.019714,0.006117,0.5612,132.8713,0,,,,,
625.019897,0.006375,0.5849,138.4744,0,,,,,
626.020142,0.006130,0.5624,133.1488,0,,,,,
627.020325,0.006317,0.5795,137.2006,0,,,,,
628.020630,0.006155,0.5646,133.6803,0,,,,,
629.019653,0.006268,0.5751,136.1545,0,,,,,
630.019836,0.006267,0.5750,136.1197,0,,,,,
631.020081,0.006207,0.5694,134.8154,0,,,,,
632.020264,0.006289,0.5770,136.6054,0,,,,,
633.020508,0.006164,0.5655,133.8854,0,,,,,
634.019592,0.006318,0.5797,137.2370,0,,,,,
635.019775,0.006126,0.5621,133.0712,0,,,,,
636.019958,0.006381,0.5855,138.6105,0,,,,,
637.020203,0.004354,0.3995,94.5805,0,,,,,
638.020386,0.002080,0.1909,45.1868,0,,,,,
639.020691,0.002033,0.1866,44.1661,0,,,,,
640.019714,0.002082,0.1910,45.2165,0,,,,,
641.019897,0.002039,0.1870,44.2825,0,,,,,
642.020142,0.002071,0.1900,44.9921,0,,,,,
643.020325,0.002051,0.1882,44.5529,1,637.020203,91.4498,-1,-1,1
644.020569,0.002056,0.1886,44.6593,0,,,,,
645.019653,0.002068,0.1897,44.9107,0,,,,,
646.019836,0.002041,0.1873,44.3373,0,,,,,
647.020020,0.002077,0.1905,45.1056,0,,,,,
648.020264,0.002027,0.1860,44.0286,0,,,,,
649.020508,0.002075,0.1904,45.0702,0,,,,,
650.019531,0.002034,0.1866,44.1724,0,,,,,
651.019775,0.002072,0.1901,44.9949,0,,,,,
652.019958,0.002036,0.1868,44.2327,0,,,,,
653.020203,0.002061,0.1891,44.7617,0,,,,,
654.020386,0.002052,0.1882,44.5621,0,,,,,
655.020630,0.002048,0.1879,44.4806,0,,,,,
656.019714,0.002067,0.1897,44.9019,0,,,,,
657.019897,0.002033,0.1865,44.1537,0,,,,,
658.020081,0.002077,0.1906,45.1227,0,,,,,
659.020325,0.001461,0.1340,31.7340,0,,,,,
660.020569,0.000013,0.0012,0.2788,0,,,,,
661.019653,0.000014,0.0013,0.3007,0,,,,,
662.019836,0.000014,0.0013,0.3096,0,,,,,
663.020020,0.000014,0.0012,0.2956,0,,,,,
664.020264,0.000014,0.0013,0.3002,0,,,,,
665.020508,0.000013,0.0012,0.2893,0,,,,,
666.019531,0.000014,0.0012,0.2934,1,660.020569,40.0349,-1,1,1
667.019775,0.000014,0.0013,0.2982,0,,,,,
668.019958,0.000013,0.0012,0.2823,0,,,,,
669.020203,0.000013,0.0012,0.2804,0,,,,,
670.020386,0.000014,0.0012,0.2957,0,,,,,
671.020630,0.000014,0.0013,0.2965,0,,,,,
672.019714,0.000014,0.0012,0.2947,0,,,,,
673.019897,0.000013,0.0012,0.2818,0,,,,,
674.020081,0.000014,0.0012,0.2938,0,,,,,
675.020325,0.000013,0.0012,0.2907,0,,,,,
676.020569,0.000013,0.0012,0.2869,0,,,,,
677.019592,0.000013,0.0012,0.2884,0,,,,,
678.019836,0.000014,0.0013,0.3098,0,,,,,
679.020020,0.000013,0.0012,0.2799,0,,,,,
680.020264,0.000013,0.0012,0.2876,0,,,,,
681.020508,0.000014,0.0012,0.2955,0,,,,,
682.019531,0.000013,0.0012,0.2915,0,,,,,
683.019775,0.000013,0.0012,0.2879,0,,,,,
684.019958,0.000013,0.0012,0.2806,0,,,,,
685.020142,0.000013,0.0012,0.2794,0,,,,,
686.020386,0.000014,0.0013,0.3001,0,,,,,
687.020630,0.000013,0.0012,0.2847,0,,,,,
688.019653,0.000013,0.0012,0.2923,0,,,,,
689.019897,0.000014,0.0012,0.2934,0,,,,,
690.020081,0.000013,0.0012,0.2855,0,,,,,
691.020325,0.000013,0.0012,0.2903,0,,,,,
692.020569,0.000013,0.0012,0.2917,0,,,,,
693.019592,0.000013,0.0012,0.2893,0,,,,,
694.019836,0.000013,0.0012,0.2891,0,,,,,
695.020020,0.000014,0.0013,0.3053,0,,,,,
696.020203,0.000013,0.0012,0.2778,0,,,,,
697.020508,0.000014,0.0012,0.2938,0,,,,,
698.019531,0.000013,0.0012,0.2785,0,,,,,
699.019714,0.000013,0.0012,0.2889,0,,,,,
700.019958,0.000013,0.0012,0.2921,0,,,,,
701.020142,0.000013,0.0012,0.2823,0,,,,,
702.020386,0.000013,0.0012,0.2804,0,,,,,
703.020630,0.000013,0.0012,0.2927,0,,,,,
704.019653,0.000013,0.0012,0.2746,0,,,,,
705.019897,0.000013,0.0012,0.2894,0,,,,,
706.020081,0.000013,0.0012,0.2839,0,,,,,
707.020264,0.000014,0.0012,0.2939,0,,,,,
708.020569,0.000013,0.0012,0.2928,0,,,,,
709.019592,0.000013,0.0012,0.2830,0,,,,,
710.019775,0.000013,0.0012,0.2830,0,,,,,
711.020020,0.000013,0.0012,0.2926,0,,,,,
712.020203,0.000013,0.0012,0.2861,0,,,,,
713.020508,0.000013,0.0012,0.2844,0,,,,,
714.019531,0.000013,0.0012,0.2878,0,,,,,
715.019714,0.000013,0.0012,0.2875,0,,,,,
716.019958,0.000013,0.0012,0.2884,0,,,,,
717.020142,0.000014,0.0012,0.2938,0,,,,,
718.020325,0.000013,0.0012,0.2870,0,,,,,
719.020630,0.000013,0.0012,0.2896,0,,,,,
720.019653,0.000013,0.0012,0.2892,0,,,,,
721.019836,0.000013,0.0012,0.2925,0,,,,,
722.020081,0.000013,0.0012,0.2868,0,,,,,
723.020264,0.000013,0.0012,0.2898,0,,,,,
724.020569,0.000013,0.0012,0.2804,0,,,,,
725.019592,0.000014,0.0013,0.2964,0,,,,,
726.019775,0.000013,0.0012,0.2897,0,,,,,
727.020020,0.008875,0.8142,192.7704,0,,,,,
728.020203,0.002446,0.2244,53.1309,0,,,,,
729.020386,0.005090,0.4670,110.5536,0,,,,,
730.019531,0.006110,0.5605,132.7052,0,,,,,
731.019714,0.006382,0.5856,138.6317,0,,,,,
732.019897,0.006110,0.5606,132.7110,0,,,,,
733.020142,0.006389,0.5862,138.7788,1,727.020020,98.5077,1,-1,1
734.020325,0.006054,0.5555,131.5031,0,,,,,
735.020630,0.006386,0.5858,138.6994,0,,,,,
736.019653,0.006101,0.5597,132.5164,0,,,,,
737.019836,0.006388,0.5860,138.7418,1,731.019714,35.5344,1,1,1
738.020081,0.006097,0.5593,132.4256,0,,,,,
739.020264,0.006392,0.5864,138.8290,0,,,,,
740.020508,0.006116,0.5611,132.8440,0,,,,,
741.019592,0.006374,0.5848,138.4451,0,,,,,
742.019775,0.006125,0.5620,133.0472,0,,,,,
743.019958,0.006285,0.5766,136.5049,0,,,,,
744.020203,0.006167,0.5658,133.9578,0,,,,,
745.020386,0.006267,0.5749,136.1187,0,,,,,
746.020691,0.006239,0.5724,135.5232,0,,,,,
749.020142,0.006137,0.5630,133.2992,0,,,,,
750.020325,0.006331,0.5809,137.5223,0,,,,,
751.020569,0.006125,0.5620,133.0471,0,,,,,
752.019653,0.006339,0.5816,137.6872,0,,,,,
753.019836,0.006121,0.5616,132.9596,0,,,,,
754.020020,0.006374,0.5848,138.4520,0,,,,,
755.020264,0.006124,0.5619,133.0249,0,,,,,
756.020508,0.006349,0.5824,137.8949,0,,,,,
757.019531,0.006128,0.5622,133.0975,0,,,,,
758.019775,0.006377,0.5851,138.5187,0,,,,,
759.019958,0.006105,0.5601,132.6054,0,,,,,
760.020203,0.006351,0.5827,137.9481,0,,,,,
761.020386,0.006183,0.5672,134.2905,0,,,,,
762.020630,0.006247,0.5732,135.6981,0,,,,,
763.019714,0.006290,0.5770,136.6146,0,,,,,
764.019897,0.006149,0.5641,133.5508,0,,,,,
765.020081,0.006394,0.5866,138.8818,0,,,,,
766.020325,0.006131,0.5625,133.1646,0,,,,,
767.020569,0.006360,0.5835,138.1417,0,,,,,
768.019592,0.006131,0.5625,133.1663,0,,,,,
769.019836,0.006374,0.5848,138.4532,0,,,,,
770.020020,0.006100,0.5596,132.4908,0,,,,,
771.020264,0.006239,0.5724,135.5243,0,,,,,
772.020508,0.006308,0.5787,137.0087,0,,,,,
773.019531,0.006139,0.5632,133.3474,0,,,,,
774.019775,0.006399,0.5871,138.9874,0,,,,,
775.019958,0.006094,0.5591,132.3741,0,,,,,
776.020203,0.006410,0.5881,139.2321,0,,,,,
777.020386,0.002861,0.2625,62.1477,0,,,,,
778.020630,0.000013,0.0012,0.2784,0,,,,,
779.019714,0.000013,0.0012,0.2897,0,,,,,
780.019897,0.000013,0.0012,0.2889,0,,,,,
781.020081,0.000013,0.0012,0.2918,0,,,,,
782.020325,0.000013,0.0012,0.2891,0,,,,,
783.020569,0.000014,0.0013,0.2971,1,777.020386,136.5788,-1,-1,1
784.019592,0.000013,0.0012,0.2861,0,,,,,
785.019836,0.000014,0.0013,0.2979,0,,,,,
786.020020,0.000013,0.0012,0.2777,0,,,,,
787.020264,0.000013,0.0012,0.2920,0,,,,,
788.020508,0.000014,0.0012,0.2958,0,,,,,
789.019531,0.000013,0.0012,0.2869,0,,,,,
790.019775,0.000014,0.0013,0.2960,0,,,,,
791.019958,0.000013,0.0012,0.2889,0,,,,,
792.020142,0.000013,0.0012,0.2925,0,,,,,
793.020386,0.000014,0.0013,0.2965,0,,,,,
794.020630,0.000014,0.0012,0.2949,0,,,,,
795.019653,0.000014,0.0012,0.2938,0,,,,,
796.019897,0.000013,0.0012,0.2913,0,,,,,
797.020081,0.000013,0.0012,0.2874,0,,,,,
798.020325,0.000014,0.0013,0.3023,0,,,,,
799.020569,0.000013,0.0012,0.2822,0,,,,,
800.019592,0.000013,0.0012,0.2788,0,,,,,
801.019836,0.000014,0.0013,0.2980,0,,,,,
802.020020,0.000014,0.0013,0.2968,0,,,,,
803.020203,0.000014,0.0013,0.2969,0,,,,,
804.020508,0.000014,0.0013,0.2971,0,,,,,
805.019531,0.000014,0.0013,0.3085,0,,,,,
806.019714,0.000013,0.0012,0.2906,0,,,,,
807.019958,0.000014,0.0013,0.3087,0,,,,,
808.020142,0.000014,0.0013,0.3070,0,,,,,
809.020386,0.000014,0.0012,0.2959,0,,,,,
810.020630,0.000014,0.0013,0.2982,0,,,,,
811.019653,0.000014,0.0013,0.3062,0,,,,,
812.019897,0.000013,0.0012,0.2836,0,,,,,
813.020081,0.000013,0.0012,0.2838,0,,,,,
814.020264,0.000014,0.0013,0.3036,0,,,,,
815.020569,0.000014,0.0013,0.3015,0,,,,,
816.019592,0.000013,0.0012,0.2915,0,,,,,
817.019775,0.000013,0.0012,0.2868,0,,,,,
818.020020,0.000014,0.0013,0.2991,0,,,,,
819.020203,0.000014,0.0013,0.3040,0,,,,,
820.020508,0.000014,0.0013,0.3019,0,,,,,
821.019531,0.000014,0.0013,0.3091,0,,,,,
822.019714,0.000014,0.0013,0.3041,0,,,,,
823.019958,0.000014,0.0013,0.3016,0,,,,,
824.020142,0.000014,0.0013,0.3084,0,,,,,
825.020325,0.000015,0.0013,0.3193,0,,,,,
826.020630,0.000015,0.0014,0.3222,0,,,,,
827.019653,0.000015,0.0014,0.3229,0,,,,,
828.019836,0.000015,0.0014,0.3258,0,,,,,
829.020081,0.000014,0.0013,0.3057,0,,,,,
830.020264,0.000014,0.0013,0.3051,0,,,,,
831.020569,0.000014,0.0013,0.3012,0,,,,,
832.019592,0.000015,0.0014,0.3288,0,,,,,
833.019775,0.000014,0.0013,0.3108,0,,,,,
834.020020,0.000015,0.0014,0.3246,0,,,,,
835.020203,0.014542,1.3341,315.8592,0,,,,,
836.020386,0.040042,3.6737,869.7452,0,,,,,
837.019531,0.038303,3.5141,831.9695,0,,,,,
838.019714,0.039360,3.6111,854.9188,0,,,,,
839.019897,0.038180,3.5028,829.2972,0,,,,,
840.020142,0.039301,3.6057,853.6461,0,,,,,
841.020325,0.038174,3.5023,829.1729,1,835.020203,851.8898,1,-1,1
842.020630,0.039374,3.6124,855.2348,0,,,,,
843.019653,0.038160,3.5010,828.8719,0,,,,,
844.019836,0.039344,3.6096,854.5842,0,,,,,
845.020081,0.038270,3.5111,831.2509,0,,,,,
846.020264,0.039325,3.6079,854.1784,0,,,,,
847.020508,0.038361,3.5194,833.2234,0,,,,,
848.019592,0.039074,3.5849,848.7217,0,,,,,
849.019775,0.038465,3.5290,835.4979,0,,,,,
850.019958,0.038996,3.5777,847.0137,0,,,,,
851.020203,0.038666,3.5474,839.8454,0,,,,,
852.020386,0.038818,3.5613,843.1484,0,,,,,
853.020691,0.038864,3.5656,844.1476,0,,,,,
854.019714,0.038484,3.5307,835.8909,0,,,,,
855.019897,0.039236,3.5997,852.2374,0,,,,,
856.020142,0.038320,3.5157,832.3459,0,,,,,
857.020325,0.039230,3.5992,852.0994,0,,,,,
858.020569,0.038196,3.5043,829.6470,0,,,,,
859.019653,0.039170,3.5937,850.7969,0,,,,,
860.019836,0.038296,3.5135,831.8185,0,,,,,
861.020020,0.039009,3.5789,847.3055,0,,,,,
862.020264,0.038468,3.5292,835.5433,0,,,,,
863.020508,0.038747,3.5548,841.6075,0,,,,,
864.019531,0.038765,3.5565,842.0012,0,,,,,
865.019775,0.015791,1.4487,342.9861,0,,,,,
866.019958,0.000043,0.0040,0.9432,0,,,,,
867.020203,0.000022,0.0021,0.4873,0,,,,,
868.020386,0.000016,0.0015,0.3476,0,,,,,
869.020630,0.000014,0.0013,0.3084,0,,,,,
870.019714,0.000014,0.0013,0.3087,0,,,,,
871.019897,0.000014,0.0013,0.3039,1,865.019775,839.1246,-1,-1,1
872.020081,0.000014,0.0013,0.2989,0,,,,,
873.020325,0.000014,0.0013,0.3051,0,,,,,
874.020569,0.000014,0.0013,0.3088,0,,,,,
875.019653,0.000014,0.0013,0.2996,0,,,,,
876.019836,0.000015,0.0013,0.3162,0,,,,,
877.020020,0.000014,0.0013,0.3053,0,,,,,
878.020264,0.000014,0.0013,0.2979,0,,,,,
879.020508,0.000014,0.0013,0.2979,0,,,,,
880.019531,0.000014,0.0013,0.2961,0,,,,,
881.019775,0.000014,0.0013,0.3044,0,,,,,
882.019958,0.000013,0.0012,0.2873,0,,,,,
883.020203,0.000014,0.0012,0.2939,0,,,,,
884.020386,0.000014,0.0013,0.2984,0,,,,,
885.020630,0.000014,0.0013,0.2989,0,,,,,
886.019714,0.000014,0.0013,0.2995,0,,,,,
887.019897,0.000014,0.0013,0.2971,0,,,,,
888.020081,0.000015,0.0014,0.3253,0,,,,,
889.020325,0.000014,0.0012,0.2936,0,,,,,
890.020569,0.000015,0.0014,0.3197,0,,,,,
891.019592,0.000014,0.0013,0.3111,0,,,,,
892.019836,0.000014,0.0013,0.3092,0,,,,,
893.020020,0.000014,0.0013,0.3053,0,,,,,
894.020264,0.000015,0.0014,0.3274,0,,,,,
895.020508,0.000015,0.0014,0.3251,0,,,,,
896.019531,0.000014,0.0013,0.3038,0,,,,,
897.019775,0.000015,0.0014,0.3258,0,,,,,
898.019958,0.000014,0.0013,0.3043,0,,,,,
899.020142,0.000014,0.0013,0.3142,0,,,,,
900.020386,0.000015,0.0013,0.3190,0,,,,,
901.020630,0.000015,0.0014,0.3216,0,,,,,
902.019653,0.000014,0.0013,0.3142,0,,,,,
903.019897,0.000014,0.0013,0.3118,0,,,,,
904.020081,0.000015,0.0013,0.3166,0,,,,,
905.020264,0.000014,0.0012,0.2952,0,,,,,
906.020569,0.000014,0.0013,0.2960,0,,,,,
907.019592,0.000015,0.0014,0.3252,0,,,,,
908.019836,0.000014,0.0013,0.3105,0,,,,,
909.020020,0.000015,0.0014,0.3318,0,,,,,
910.020203,0.000015,0.0014,0.3303,0,,,,,
911.020508,0.000015,0.0014,0.3247,0,,,,,
912.019531,0.000014,0.0013,0.3109,0,,,,,
913.019714,0.000014,0.0013,0.3131,0,,,,,
914.019958,0.000014,0.0013,0.3041,0,,,,,
915.020142,0.000014,0.0013,0.3025,0,,,,,
916.020386,0.000014,0.0013,0.3008,0,,,,,
917.020630,0.000014,0.0013,0.3135,0,,,,,
918.019653,0.000014,0.0013,0.2987,0,,,,,
919.019897,0.000013,0.0012,0.2906,0,,,,,
920.020081,0.000013,0.0012,0.2916,0,,,,,
921.020264,0.000014,0.0013,0.3047,0,,,,,
922.020569,0.000014,0.0013,0.3060,0,,,,,
923.019592,0.000013,0.0012,0.2895,0,,,,,
924.019775,0.000014,0.0013,0.3052,0,,,,,
925.020020,0.000014,0.0013,0.2965,0,,,,,
926.020203,0.000014,0.0013,0.3131,0,,,,,
927.020508,0.000014,0.0013,0.3127,0,,,,,
928.019531,0.000014,0.0013,0.3066,0,,,,,
929.019714,0.000014,0.0012,0.2950,0,,,,,
930.019958,0.000014,0.0013,0.3034,0,,,,,
931.020142,0.000014,0.0013,0.3011,0,,,,,
932.020325,0.000014,0.0013,0.2975,0,,,,,
933.020630,0.000014,0.0013,0.3118,0,,,,,
934.019653,0.000014,0.0013,0.2971,0,,,,,
935.019836,0.000014,0.0012,0.2948,0,,,,,
936.020081,0.000014,0.0013,0.3065,0,,,,,
937.020264,0.000014,0.0013,0.2979,0,,,,,
938.020569,0.000014,0.0012,0.2959,0,,,,,
939.019592,0.000013,0.0012,0.2886,0,,,,,
940.019775,0.000014,0.0013,0.2975,0,,,,,
941.020020,0.000014,0.0013,0.2984,0,,,,,
942.020203,0.000014,0.0013,0.2972,0,,,,,
943.020386,0.000013,0.0012,0.2929,0,,,,,
944.019531,0.000014,0.0012,0.2954,0,,,,,
945.019714,0.000014,0.0013,0.3036,0,,,,,
946.019897,0.000014,0.0013,0.3011,0,,,,,
947.020142,0.000014,0.0013,0.2982,0,,,,,
948.020325,0.000013,0.0012,0.2885,0,,,,,
949.020630,0.000013,0.0012,0.2778,0,,,,,
950.019653,0.000014,0.0013,0.3014,0,,,,,
951.019836,0.000013,0.0012,0.2884,0,,,,,
952.020081,0.000014,0.0012,0.2957,0,,,,,
953.020264,0.000014,0.0013,0.2960,0,,,,,
954.020508,0.000014,0.0013,0.2987,0,,,,,
955.019592,0.000014,0.0012,0.2944,0,,,,,
956.019775,0.000014,0.0013,0.3036,0,,,,,
957.019958,0.000014,0.0013,0.3043,0,,,,,
958.020203,0.000013,0.0012,0.2904,0,,,,,
959.020386,0.000013,0.0012,0.2891,0,,,,,
960.020691,0.000014,0.0013,0.3098,0,,,,,
961.019714,0.000014,0.0013,0.3000,0,,,,,
962.019897,0.000013,0.0012,0.2923,0,,,,,
963.020142,0.000014,0.0013,0.3023,0,,,,,
964.020325,0.000013,0.0012,0.2920,0,,,,,
965.020569,0.000014,0.0012,0.2933,0,,,,,
966.019653,0.000014,0.0013,0.2964,0,,,,,
967.019836,0.000014,0.0013,0.2974,0,,,,,
968.020020,0.000014,0.0013,0.2981,0,,,,,
969.020264,0.000013,0.0012,0.2928,0,,,,,
970.020508,0.000013,0.0012,0.2901,0,,,,,
971.019531,0.000013,0.0012,0.2895,0,,,,,
972.019775,0.000013,0.0012,0.2808,0,,,,,
973.019958,0.000014,0.0013,0.2961,0,,,,,
974.020203,0.000014,0.0012,0.2937,0,,,,,
975.020386,0.000014,0.0012,0.2936,0,,,,,
976.020630,0.000013,0.0012,0.2889,0,,,,,
977.019714,0.000013,0.0012,0.2865,0,,,,,
978.019897,0.000014,0.0012,0.2952,0,,,,,
979.020081,0.000014,0.0013,0.3004,0,,,,,
980.020325,0.000014,0.0012,0.2933,0,,,,,
981.020569,0.000014,0.0013,0.2984,0,,,,,
982.019592,0.000013,0.0012,0.2894,0,,,,,
983.019836,0.000832,0.0763,18.0743,0,,,,,
984.020020,0.002900,0.2661,62.9906,0,,,,,
985.020264,0.002918,0.2677,63.3890,0,,,,,
986.020508,0.002894,0.2655,62.8610,0,,,,,
987.019531,0.002897,0.2658,62.9290,0,,,,,
988.019775,0.002885,0.2647,62.6597,0,,,,,
989.019958,0.002901,0.2662,63.0113,0,,,,,
990.020203,0.002893,0.2654,62.8310,1,984.020020,56.8390,1,-1,1
991.020386,0.002871,0.2634,62.3704,0,,,,,
992.020630,0.002902,0.2663,63.0434,0,,,,,
993.019714,0.002861,0.2625,62.1354,0,,,,,
994.019897,0.002905,0.2665,63.0958,0,,,,,
995.020081,0.002845,0.2610,61.7888,0,,,,,
996.020325,0.002916,0.2675,63.3284,0,,,,,
997.020569,0.002830,0.2596,61.4683,0,,,,,
998.019592,0.002902,0.2663,63.0422,0,,,,,
999.019836,0.002844,0.2609,61.7700,0,,,,,
1000.020020,0.002880,0.2642,62.5530,0,,,,,
1001.020264,0.002988,0.2742,64.9079,0,,,,,
1002.020508,0.000220,0.0202,4.7851,0,,,,,
1003.019531,0.000020,0.0019,0.4414,0,,,,,
1004.019775,0.000015,0.0014,0.3305,0,,,,,
1005.019958,0.000014,0.0013,0.2993,0,,,,,
1006.020142,0.000014,0.0013,0.2989,0,,,,,
1007.020386,0.000014,0.0013,0.3048,0,,,,,
1008.020630,0.000014,0.0013,0.2993,1,1002.020508,62.7199,-1,-1,1
1009.019653,0.000014,0.0013,0.3001,0,,,,,
1010.019897,0.000014,0.0013,0.2979,0,,,,,
1011.020081,0.000014,0.0013,0.2972,0,,,,,
1012.020325,0.000014,0.0013,0.2992,0,,,,,
1013.020569,0.000014,0.0013,0.3108,0,,,,,
1014.019592,0.000014,0.0013,0.3011,0,,,,,
1015.019836,0.000014,0.0012,0.2933,0,,,,,
1016.020020,0.000014,0.0013,0.3024,0,,,,,
1017.020203,0.000014,0.0013,0.2975,0,,,,,
1018.020508,0.000014,0.0013,0.3081,0,,,,,
1019.019531,0.000014,0.0013,0.3059,0,,,,,
1020.019714,0.000784,0.0719,17.0332,0,,,,,
1021.019958,0.002844,0.2609,61.7696,0,,,,,
1022.020142,0.002912,0.2672,63.2545,0,,,,,
1023.020386,0.002837,0.2603,61.6309,0,,,,,
1024.020630,0.002915,0.2674,63.3149,0,,,,,
1025.019653,0.002838,0.2604,61.6474,0,,,,,
1026.019897,0.002901,0.2662,63.0209,0,,,,,
1027.020142,0.002849,0.2614,61.8809,1,1021.019958,56.8510,1,2,1
1028.020264,0.002876,0.2638,62.4659,0,,,,,
1029.020508,0.002851,0.2616,61.9230,0,,,,,
1030.019531,0.002853,0.2618,61.9707,0,,,,,
1031.019775,0.002862,0.2626,62.1701,0,,,,,
1032.020020,0.002849,0.2614,61.8762,0,,,,,
1033.020264,0.002869,0.2632,62.3136,0,,,,,
1034.020508,0.002851,0.2616,61.9346,0,,,,,
1035.019531,0.002866,0.2630,62.2568,0,,,,,
1036.019653,0.002842,0.2608,61.7363,0,,,,,
1037.020020,0.002851,0.2616,61.9240,0,,,,,
1038.020142,0.001930,0.1771,41.9204,0,,,,,
1039.020386,0.000015,0.0014,0.3352,0,,,,,
1040.020630,0.000014,0.0013,0.3004,0,,,,,
1041.019653,0.000013,0.0012,0.2850,0,,,,,
1042.019897,0.000014,0.0013,0.3092,0,,,,,
1043.020142,0.000014,0.0013,0.3096,0,,,,,
1044.020264,0.000014,0.0012,0.2940,0,,,,,
1045.020508,0.000014,0.0013,0.3066,1,1039.020386,54.8954,-1,2,1
1046.019531,0.000014,0.0013,0.2976,0,,,,,
1047.019775,0.000014,0.0013,0.2970,0,,,,,
1048.020020,0.000014,0.0013,0.3044,0,,,,,
1049.020264,0.000014,0.0013,0.3077,0,,,,,
1050.020386,0.000014,0.0013,0.3032,0,,,,,
1051.019531,0.000014,0.0013,0.2994,0,,,,,
1052.019653,0.000014,0.0013,0.3030,0,,,,,
1053.019897,0.000013,0.0012,0.2920,0,,,,,
1054.020142,0.000014,0.0013,0.2974,0,,,,,
1055.020386,0.000014,0.0012,0.2944,0,,,,,
1056.020630,0.000014,0.0013,0.3054,0,,,,,
1057.019653,0.002366,0.2170,51.3850,0,,,,,
1058.019897,0.002903,0.2663,63.0459,0,,,,,
1059.020142,0.002841,0.2607,61.7169,0,,,,,
1060.020264,0.002880,0.2642,62.5547,0,,,,,
1061.020508,0.002839,0.2604,61.6575,0,,,,,
1062.019531,0.002876,0.2639,62.4740,0,,,,,
1063.019775,0.002855,0.2619,62.0047,1,1057.019653,62.1401,1,2,1
1064.020020,0.002864,0.2628,62.2153,0,,,,,
1065.020264,0.002838,0.2604,61.6497,0,,,,,
1066.020386,0.002853,0.2618,61.9706,0,,,,,
1067.020630,0.002844,0.2610,61.7820,0,,,,,
1068.019653,0.002861,0.2625,62.1478,0,,,,,
1069.019897,0.002852,0.2616,61.9395,0,,,,,
1070.020142,0.002850,0.2615,61.8999,0,,,,,
1071.020386,0.002836,0.2602,61.5964,0,,,,,
1072.020508,0.002839,0.2605,61.6710,0,,,,,
1073.019653,0.002841,0.2607,61.7162,0,,,,,
1074.019897,0.002854,0.2618,61.9898,0,,,,,
1075.020020,0.002325,0.2133,50.4942,0,,,,,
1076.020264,0.000014,0.0012,0.2942,0,,,,,
1077.020508,0.000014,0.0013,0.3007,0,,,,,
1078.019531,0.000014,0.0013,0.3084,0,,,,,
1079.019775,0.000013,0.0012,0.2847,0,,,,,
1080.020020,0.000014,0.0013,0.2981,0,,,,,
1081.020142,0.000014,0.0013,0.2996,0,,,,,
1082.020508,0.000013,0.0012,0.2915,1,1076.020264,57.7688,-1,2,1
1083.020630,0.000014,0.0013,0.3124,0,,,,,
1084.019653,0.000013,0.0012,0.2878,0,,,,,
1085.019897,0.000013,0.0012,0.2895,0,,,,,
1086.020142,0.000014,0.0012,0.2953,0,,,,,
1087.020264,0.000013,0.0012,0.2785,0,,,,,
1088.020630,0.000014,0.0013,0.2988,0,,,,,
1089.019653,0.000014,0.0013,0.2968,0,,,,,
1090.019897,0.000014,0.0013,0.3049,0,,,,,
1091.020020,0.000014,0.0013,0.3122,0,,,,,
1092.020264,0.000014,0.0013,0.3096,0,,,,,
1093.020508,0.000013,0.0012,0.2928,0,,,,,
1094.019531,0.000901,0.0827,19.5674,0,,,,,
1095.019775,0.002846,0.2611,61.8081,0,,,,,
1096.020020,0.002872,0.2635,62.3835,0,,,,,
1097.020142,0.002833,0.2599,61.5366,0,,,,,
1098.020386,0.002877,0.2639,62.4813,0,,,,,
1099.020630,0.002838,0.2604,61.6443,0,,,,,
1100.019653,0.002871,0.2634,62.3592,0,,,,,
1101.019897,0.002824,0.2591,61.3310,1,1095.019775,55.4105,1,2,1
1102.020142,0.002859,0.2623,62.1046,0,,,,,
1103.020264,0.002817,0.2584,61.1812,0,,,,,
1104.020630,0.002862,0.2626,62.1623,0,,,,,
1105.019653,0.002822,0.2589,61.2874,0,,,,,
1106.019897,0.002872,0.2635,62.3872,0,,,,,
1107.020020,0.002825,0.2592,61.3678,0,,,,,
1108.020264,0.002872,0.2635,62.3802,0,,,,,
1109.020386,0.002827,0.2594,61.4068,0,,,,,
1110.019531,0.002864,0.2628,62.2118,0,,,,,
1111.019775,0.002816,0.2584,61.1669,0,,,,,
1112.020020,0.002857,0.2621,62.0634,0,,,,,
1113.020142,0.000770,0.0706,16.7154,0,,,,,
1114.020386,0.000015,0.0014,0.3285,0,,,,,
1115.020630,0.000014,0.0013,0.3130,0,,,,,
1116.019653,0.000014,0.0013,0.3033,0,,,,,
1117.019897,0.000014,0.0013,0.3055,0,,,,,
1118.020142,0.000014,0.0013,0.2967,0,,,,,
1119.020264,0.000014,0.0013,0.2980,1,1113.020142,61.4991,-1,2,1
1120.020508,0.000014,0.0013,0.3054,0,,,,,
1121.019653,0.000014,0.0012,0.2937,0,,,,,
1122.019897,0.000014,0.0013,0.3006,0,,,,,
1123.020020,0.000013,0.0012,0.2899,0,,,,,
1124.020264,0.000014,0.0013,0.2978,0,,,,,
1125.020386,0.000014,0.0013,0.3082,0,,,,,
1126.019409,0.000014,0.0013,0.3086,0,,,,,
1127.019775,0.000014,0.0013,0.2974,0,,,,,
1128.020020,0.000014,0.0013,0.2977,0,,,,,
1129.020142,0.000013,0.0012,0.2913,0,,,,,
1130.020386,0.000013,0.0012,0.2916,0,,,,,
1131.020508,0.002116,0.1941,45.9541,0,,,,,
1132.019653,0.002898,0.2659,62.9545,0,,,,,
1133.019897,0.002820,0.2587,61.2439,0,,,,,
1134.020142,0.002894,0.2655,62.8607,0,,,,,
1135.020264,0.002827,0.2594,61.4026,0,,,,,
1136.020508,0.002879,0.2641,62.5336,0,,,,,
1137.019653,0.002836,0.2602,61.5936,1,1131.020508,62.0595,1,2,1
1138.019897,0.002864,0.2628,62.2124,0,,,,,
1139.020020,0.002850,0.2614,61.8976,0,,,,,
1140.020264,0.002843,0.2609,61.7605,0,,,,,
1141.020386,0.002852,0.2616,61.9453,0,,,,,
1142.019409,0.002821,0.2588,61.2704,0,,,,,
1143.019775,0.002857,0.2621,62.0618,0,,,,,
1144.020020,0.002809,0.2577,61.0174,0,,,,,
1145.020142,0.002868,0.2631,62.2928,0,,,,,
1146.020386,0.002806,0.2575,60.9527,0,,,,,
1147.020508,0.002876,0.2639,62.4692,0,,,,,
1148.019531,0.002801,0.2570,60.8355,0,,,,,
1149.019897,0.001019,0.0935,22.1258,0,,,,,
1150.020142,0.000015,0.0014,0.3325,0,,,,,
1151.020264,0.000014,0.0013,0.3137,0,,,,,
1152.020508,0.000013,0.0012,0.2840,0,,,,,
1153.019531,0.000014,0.0013,0.3046,0,,,,,
1154.019897,0.000013,0.0012,0.2840,0,,,,,
1155.020020,0.000014,0.0013,0.2989,1,1149.019897,61.1091,-1,2,1
1156.020264,0.000014,0.0013,0.2977,0,,,,,
1157.020386,0.000013,0.0012,0.2904,0,,,,,
1158.019409,0.000014,0.0013,0.3014,0,,,,,
1159.019775,0.000014,0.0013,0.3045,0,,,,,
1160.020020,0.000014,0.0013,0.2970,0,,,,,
1161.020142,0.000013,0.0012,0.2877,0,,,,,
1162.020386,0.000014,0.0013,0.3046,0,,,,,
1163.020508,0.000014,0.0013,0.3046,0,,,,,
1164.019531,0.000014,0.0012,0.2948,0,,,,,
1165.019897,0.000014,0.0012,0.2934,0,,,,,
1166.020142,0.000013,0.0012,0.2845,0,,,,,
1167.020264,0.000014,0.0013,0.3084,0,,,,,
1168.020508,0.000013,0.0012,0.2923,0,,,,,
1169.019531,0.000014,0.0013,0.2975,0,,,,,
1170.019897,0.000013,0.0012,0.2924,0,,,,,
1171.020020,0.000013,0.0012,0.2889,0,,,,,
1172.020264,0.000014,0.0013,0.3035,0,,,,,
1173.020386,0.000014,0.0013,0.2965,0,,,,,
1174.020630,0.000014,0.0013,0.3112,0,,,,,
1175.019653,0.000014,0.0012,0.2951,0,,,,,
1176.020020,0.000014,0.0013,0.3054,0,,,,,
1177.020142,0.000014,0.0013,0.3042,0,,,,,
1178.020386,0.000013,0.0012,0.2861,0,,,,,
1179.020508,0.000014,0.0013,0.3035,0,,,,,
1180.019531,0.000013,0.0012,0.2870,0,,,,,
1181.019897,0.000013,0.0012,0.2788,0,,,,,
1182.020142,0.000014,0.0013,0.3129,0,,,,,
1183.020264,0.000013,0.0012,0.2845,0,,,,,
1184.020508,0.000014,0.0013,0.3008,0,,,,,
1185.019531,0.000013,0.0012,0.2902,0,,,,,
1186.019653,0.000014,0.0013,0.2981,0,,,,,
1187.020020,0.000013,0.0012,0.2893,0,,,,,
1188.020264,0.000013,0.0012,0.2846,0,,,,,
1189.020386,0.000013,0.0012,0.2899,0,,,,,
1190.020630,0.000014,0.0013,0.2990,0,,,,,
1191.019653,0.000014,0.0013,0.2978,0,,,,,
1192.020020,0.000014,0.0013,0.2963,0,,,,,
1193.020142,0.000014,0.0013,0.2971,0,,,,,
1194.020386,0.000014,0.0013,0.2960,0,,,,,
1195.020508,0.000014,0.0012,0.2959,0,,,,,
1196.019531,0.000014,0.0013,0.2975,0,,,,,
1197.019775,0.000013,0.0012,0.2919,0,,,,,
1198.020142,0.000013,0.0012,0.2841,0,,,,,
1199.020264,0.000014,0.0013,0.2984,0,,,,,
1200.020508,0.000013,0.0012,0.2906,0,,,,,
1201.019531,0.000014,0.0013,0.2959,0,,,,,
1202.019653,0.000014,0.0012,0.2941,0,,,,,
1203.020020,0.000014,0.0012,0.2942,0,,,,,
1204.020264,0.000014,0.0012,0.2951,0,,,,,
1205.020386,0.000014,0.0013,0.3060,0,,,,,
1206.020630,0.000014,0.0013,0.3105,0,,,,,
1207.019653,0.000013,0.0012,0.2851,0,,,,,
1208.019897,0.000014,0.0013,0.3014,0,,,,,
1209.020142,0.000014,0.0013,0.2979,0,,,,,
1210.020386,0.000014,0.0013,0.2991,0,,,,,
1211.020508,0.000013,0.0012,0.2859,0,,,,,
1212.019531,0.000014,0.0013,0.2965,0,,,,,
1213.019775,0.000014,0.0012,0.2951,0,,,,,
1216.020508,0.000014,0.0012,0.2958,0,,,,,
1217.019531,0.000014,0.0013,0.2993,0,,,,,
1218.019653,0.000014,0.0013,0.3048,0,,,,,
1219.019897,0.000014,0.0013,0.2977,0,,,,,
1220.020264,0.000014,0.0013,0.3077,0,,,,,
1221.020386,0.000013,0.0012,0.2917,0,,,,,
1222.020630,0.000013,0.0012,0.2836,0,,,,,
1223.019653,0.000014,0.0013,0.2979,0,,,,,
1224.019897,0.000014,0.0013,0.3076,0,,,,,
1225.020142,0.000013,0.0012,0.2924,0,,,,,
