t_s,vrms,irms,power,event,event_t_s,delta_va,direction
3.020397,0.000009,0.0008,0.1857,0,,,
4.020155,0.000009,0.0008,0.1992,0,,,
5.019895,0.000009,0.0008,0.1934,0,,,
6.019635,0.000009,0.0009,0.2017,0,,,
7.020538,0.000010,0.0009,0.2109,0,,,
8.020274,0.000009,0.0008,0.1953,0,,,
9.020035,0.000010,0.0009,0.2081,0,,,
10.019785,0.000009,0.0008,0.2010,0,,,
11.019538,0.000009,0.0009,0.2021,0,,,
12.020437,0.000009,0.0008,0.1984,0,,,
13.020189,0.000009,0.0008,0.1977,0,,,
14.019969,0.000010,0.0009,0.2067,0,,,
15.019745,0.000009,0.0008,0.1892,0,,,
16.019516,0.000009,0.0009,0.2044,0,,,
17.020418,0.000009,0.0009,0.2040,0,,,
18.020155,0.000009,0.0008,0.2010,0,,,
19.019909,0.000009,0.0008,0.1977,0,,,
20.019667,0.000009,0.0008,0.1979,0,,,
21.020599,0.000009,0.0009,0.2055,0,,,
22.020351,0.000010,0.0009,0.2066,0,,,
23.020102,0.000009,0.0008,0.2011,0,,,
24.019873,0.000009,0.0008,0.1978,0,,,
25.019623,0.000010,0.0009,0.2113,0,,,
26.020538,0.000009,0.0009,0.2020,0,,,
27.020296,0.000009,0.0008,0.1999,0,,,
28.020069,0.000010,0.0009,0.2104,0,,,
29.019829,0.000009,0.0008,0.1920,0,,,
30.019581,0.000009,0.0008,0.1990,0,,,
31.020493,0.000009,0.0008,0.1991,0,,,
32.020252,0.000009,0.0008,0.1985,0,,,
33.020004,0.000010,0.0009,0.2123,0,,,
34.019760,0.000009,0.0008,0.1964,0,,,
35.019535,0.000009,0.0009,0.2035,0,,,
36.020458,0.000010,0.0009,0.2075,0,,,
37.020210,0.000009,0.0009,0.2036,0,,,
38.019966,0.000009,0.0009,0.2054,0,,,
39.019733,0.000009,0.0009,0.2025,0,,,
40.019482,0.000009,0.0009,0.2054,0,,,
41.020397,0.000009,0.0008,0.1991,0,,,
42.020157,0.000010,0.0009,0.2137,0,,,
43.019909,0.000009,0.0009,0.2045,0,,,
44.019665,0.000009,0.0008,0.1976,0,,,
45.020592,0.000009,0.0009,0.2021,0,,,
46.020340,0.000009,0.0008,0.1995,0,,,
47.020088,0.000010,0.0009,0.2232,0,,,
48.019852,0.000009,0.0008,0.1987,0,,,
49.019600,0.000009,0.0009,0.2053,0,,,
50.020535,0.000010,0.0009,0.2115,0,,,
51.020271,0.000009,0.0009,0.2033,0,,,
52.020035,0.000009,0.0008,0.1994,0,,,
53.019783,0.000010,0.0009,0.2089,0,,,
54.019562,0.000009,0.0008,0.1935,0,,,
55.020481,0.000010,0.0009,0.2136,0,,,
56.020233,0.000010,0.0009,0.2068,0,,,
57.019985,0.000010,0.0009,0.2088,0,,,
58.019764,0.000009,0.0009,0.2048,0,,,
59.019535,0.000009,0.0008,0.2010,0,,,
60.020435,0.000010,0.0009,0.2179,0,,,
61.020187,0.000009,0.0008,0.2012,0,,,
62.019947,0.000009,0.0008,0.2000,0,,,
63.019699,0.000009,0.0008,0.2006,0,,,
64.019455,0.000010,0.0009,0.2095,0,,,
65.020378,0.029260,2.6845,635.5493,0,,,
66.020142,0.036525,3.3510,793.3448,0,,,
67.019913,0.036104,3.3124,784.2144,1,65.020378,737.4995,1
68.020416,0.036164,3.3179,785.5192,0,,,
69.020164,0.036395,3.3391,790.5356,0,,,
70.019928,0.036571,3.3553,794.3588,1,68.020416,52.4351,1
71.020409,0.036541,3.3525,793.6948,0,,,
72.020149,0.036185,3.3199,785.9751,0,,,
73.019920,0.036448,3.3439,791.6744,0,,,
74.019676,0.036373,3.3371,790.0551,0,,,
75.020599,0.036095,3.3115,784.0063,0,,,
76.020332,0.036528,3.3513,793.4215,0,,,
77.020073,0.036337,3.3338,789.2752,0,,,
78.019821,0.036033,3.3059,782.6711,0,,,
79.019562,0.036493,3.3481,792.6577,0,,,
80.020447,0.036302,3.3306,788.5126,0,,,
81.020195,0.036094,3.3114,783.9781,0,,,
82.019936,0.036425,3.3418,791.1739,0,,,
83.019676,0.036241,3.3250,787.1846,0,,,
84.020592,0.035999,3.3027,781.9259,0,,,
85.020325,0.036277,3.3283,787.9736,0,,,
86.020081,0.036326,3.3328,789.0346,0,,,
87.019814,0.036010,3.3038,782.1720,0,,,
88.019562,0.036135,3.3152,784.8727,0,,,
89.020447,0.036432,3.3425,791.3373,0,,,
90.020195,0.035995,3.3023,781.8292,0,,,
91.019928,0.036048,3.3072,782.9852,0,,,
92.019676,0.036416,3.3410,790.9766,0,,,
93.020592,0.035944,3.2977,780.7320,0,,,
94.020355,0.036055,3.3079,783.1486,0,,,
95.020111,0.036211,3.3222,786.5212,0,,,
96.019867,0.035903,3.2939,779.8318,0,,,
97.019623,0.036265,3.3271,787.6981,0,,,
98.020546,0.036084,3.3106,783.7811,0,,,
99.020287,0.035899,3.2936,779.7543,0,,,
100.020050,0.036310,3.3313,788.6765,0,,,
101.019814,0.035908,3.2944,779.9491,0,,,
102.019585,0.032136,2.9483,698.0078,0,,,
103.020508,0.005762,0.5286,125.1554,0,,,
104.020271,0.002396,0.2198,52.0426,1,102.019585,491.0580,-1
105.019623,0.000039,0.0036,0.8566,0,,,
106.020515,0.000039,0.0035,0.8379,0,,,
107.020241,0.000038,0.0035,0.8340,1,105.019623,290.8924,-1
108.019569,0.000038,0.0035,0.8255,0,,,
109.020447,0.000038,0.0035,0.8215,0,,,
110.020203,0.000038,0.0035,0.8321,0,,,
111.019936,0.000038,0.0035,0.8315,0,,,
112.019699,0.000039,0.0036,0.8479,0,,,
113.019455,0.000038,0.0035,0.8273,0,,,
114.020378,0.000038,0.0035,0.8276,0,,,
115.020134,0.000039,0.0035,0.8382,0,,,
116.019897,0.000038,0.0035,0.8249,0,,,
117.019638,0.000039,0.0036,0.8490,0,,,
118.020561,0.000039,0.0035,0.8404,0,,,
119.020317,0.000038,0.0035,0.8336,0,,,
120.020088,0.000038,0.0035,0.8327,0,,,
121.019867,0.000038,0.0035,0.8212,0,,,
122.019630,0.000037,0.0034,0.8046,0,,,
123.020561,0.000038,0.0035,0.8195,0,,,
124.020294,0.000037,0.0034,0.8112,0,,,
125.020073,0.000038,0.0035,0.8235,0,,,
126.019836,0.000038,0.0035,0.8344,0,,,
127.019615,0.000037,0.0034,0.8144,0,,,
128.020538,0.000038,0.0035,0.8228,0,,,
129.020309,0.000038,0.0035,0.8191,0,,,
130.020081,0.000038,0.0035,0.8251,0,,,
131.019852,0.000039,0.0035,0.8376,0,,,
132.019623,0.000038,0.0035,0.8235,0,,,
133.020554,0.000038,0.0035,0.8239,0,,,
134.020325,0.000038,0.0035,0.8240,0,,,
135.020096,0.000038,0.0035,0.8186,0,,,
136.019882,0.000038,0.0035,0.8207,0,,,
137.019653,0.000039,0.0036,0.8461,0,,,
138.020599,0.000038,0.0034,0.8152,0,,,
139.020340,0.000038,0.0035,0.8168,0,,,
140.020096,0.000038,0.0035,0.8180,0,,,
141.019867,0.000038,0.0035,0.8304,0,,,
142.019638,0.000038,0.0035,0.8277,0,,,
143.020554,0.000039,0.0035,0.8367,0,,,
144.020294,0.000037,0.0034,0.8144,0,,,
145.020065,0.000038,0.0035,0.8332,0,,,
146.019821,0.000038,0.0035,0.8254,0,,,
147.019577,0.000038,0.0035,0.8227,0,,,
148.020493,0.000038,0.0035,0.8248,0,,,
149.020248,0.000039,0.0036,0.8462,0,,,
150.020004,0.000038,0.0035,0.8207,0,,,
151.019760,0.000038,0.0035,0.8275,0,,,
152.019516,0.000039,0.0035,0.8367,0,,,
153.020416,0.000038,0.0035,0.8197,0,,,
154.020142,0.000038,0.0035,0.8288,0,,,
155.019897,0.000038,0.0035,0.8331,0,,,
156.019669,0.000038,0.0035,0.8270,0,,,
157.020599,0.000038,0.0035,0.8269,0,,,
158.020340,0.000038,0.0035,0.8279,0,,,
159.020096,0.000039,0.0035,0.8403,0,,,
160.019836,0.000038,0.0035,0.8333,0,,,
161.019623,0.000038,0.0035,0.8195,0,,,
162.020538,0.000038,0.0035,0.8246,0,,,
163.020294,0.000039,0.0036,0.8406,0,,,
164.020035,0.000038,0.0035,0.8283,0,,,
165.019806,0.000038,0.0035,0.8232,0,,,
166.019577,0.000038,0.0035,0.8192,0,,,
167.020508,0.000038,0.0035,0.8354,0,,,
168.020279,0.000038,0.0035,0.8266,0,,,
169.020050,0.000038,0.0034,0.8150,0,,,
170.019821,0.000038,0.0035,0.8295,0,,,
171.019577,0.000039,0.0036,0.8540,0,,,
172.020523,0.000038,0.0035,0.8205,0,,,
173.020294,0.000038,0.0035,0.8272,0,,,
174.020065,0.000038,0.0035,0.8359,0,,,
175.019836,0.000037,0.0034,0.8119,0,,,
176.019623,0.000037,0.0034,0.8142,0,,,
177.020538,0.000039,0.0035,0.8400,0,,,
178.020294,0.000038,0.0035,0.8322,0,,,
179.020065,0.000038,0.0035,0.8278,0,,,
180.019836,0.000038,0.0035,0.8340,0,,,
181.019623,0.000038,0.0035,0.8332,0,,,
182.020538,0.000038,0.0035,0.8239,0,,,
183.020294,0.000038,0.0035,0.8289,0,,,
184.020065,0.000038,0.0035,0.8335,0,,,
185.019836,0.000038,0.0035,0.8361,0,,,
186.019608,0.000039,0.0036,0.8496,0,,,
187.020538,0.000039,0.0036,0.8439,0,,,
188.020279,0.000038,0.0035,0.8353,0,,,
189.020050,0.000039,0.0036,0.8449,0,,,
190.019821,0.000040,0.0037,0.8653,0,,,
191.019577,0.000039,0.0035,0.8366,0,,,
192.020523,0.000038,0.0035,0.8211,0,,,
193.020294,0.000039,0.0035,0.8374,0,,,
194.020065,0.000038,0.0035,0.8340,0,,,
195.019821,0.000039,0.0036,0.8405,0,,,
196.019577,0.000039,0.0035,0.8379,0,,,
197.020508,0.000038,0.0035,0.8327,0,,,
198.020248,0.000039,0.0036,0.8472,0,,,
199.020004,0.000039,0.0036,0.8431,0,,,
200.019760,0.000039,0.0036,0.8433,0,,,
201.019516,0.000039,0.0036,0.8451,0,,,
202.020416,0.000039,0.0036,0.8465,0,,,
203.020157,0.000040,0.0037,0.8707,0,,,
204.019913,0.000039,0.0036,0.8510,0,,,
205.019684,0.000039,0.0036,0.8485,0,,,
206.020599,0.000040,0.0036,0.8583,0,,,
207.020340,0.000040,0.0037,0.8677,0,,,
208.020096,0.000039,0.0036,0.8532,0,,,
209.019836,0.000039,0.0036,0.8422,0,,,
210.019608,0.000040,0.0037,0.8711,0,,,
211.020508,0.000039,0.0036,0.8528,0,,,
212.020248,0.000038,0.0035,0.8210,0,,,
213.020035,0.000038,0.0035,0.8347,0,,,
214.019806,0.000039,0.0036,0.8537,0,,,
215.019577,0.000038,0.0035,0.8330,0,,,
216.020508,0.000038,0.0035,0.8312,0,,,
217.020279,0.000038,0.0035,0.8210,0,,,
218.020035,0.000039,0.0036,0.8448,0,,,
219.019806,0.000038,0.0035,0.8261,0,,,
220.019577,0.000039,0.0035,0.8399,0,,,
221.020508,0.000039,0.0036,0.8510,0,,,
222.020248,0.000039,0.0035,0.8381,0,,,
223.020004,0.000039,0.0035,0.8396,0,,,
224.019760,0.000038,0.0035,0.8291,0,,,
225.019516,0.000039,0.0036,0.8513,0,,,
226.020432,0.000038,0.0035,0.8308,0,,,
227.020187,0.000039,0.0036,0.8460,0,,,
228.019958,0.000039,0.0036,0.8432,0,,,
229.019699,0.000038,0.0035,0.8222,0,,,
230.019455,0.000038,0.0035,0.8225,0,,,
231.020370,0.000039,0.0036,0.8462,0,,,
232.020126,0.000038,0.0035,0.8343,0,,,
233.019882,0.000038,0.0035,0.8231,0,,,
234.019653,0.000039,0.0035,0.8401,0,,,
235.020554,0.000040,0.0036,0.8611,0,,,
236.020294,0.000039,0.0036,0.8485,0,,,
237.020065,0.000038,0.0035,0.8308,0,,,
238.019821,0.000040,0.0037,0.8681,0,,,
239.019562,0.000039,0.0036,0.8526,0,,,
240.020493,0.000039,0.0036,0.8507,0,,,
241.020233,0.000039,0.0035,0.8381,0,,,
242.019989,0.000040,0.0037,0.8646,0,,,
243.019745,0.000039,0.0036,0.8529,0,,,
244.019485,0.000039,0.0036,0.8522,0,,,
245.020416,0.000039,0.0035,0.8404,0,,,
246.020157,0.000038,0.0035,0.8355,0,,,
247.019913,0.000038,0.0035,0.8264,0,,,
248.019684,0.000038,0.0035,0.8243,0,,,
249.020615,0.000038,0.0035,0.8330,0,,,
250.020340,0.000039,0.0035,0.8381,0,,,
251.020096,0.000038,0.0035,0.8321,0,,,
252.019852,0.000037,0.0034,0.8048,0,,,
253.019608,0.000039,0.0036,0.8412,0,,,
254.020508,0.000038,0.0035,0.8270,0,,,
255.020248,0.000038,0.0035,0.8272,0,,,
256.019989,0.000038,0.0035,0.8352,0,,,
257.019745,0.000039,0.0036,0.8490,0,,,
258.019531,0.000039,0.0036,0.8414,0,,,
259.020416,0.000038,0.0035,0.8269,0,,,
260.020203,0.000039,0.0036,0.8483,0,,,
261.019958,0.000039,0.0036,0.8421,0,,,
262.019684,0.000038,0.0035,0.8186,0,,,
263.019470,0.000038,0.0035,0.8262,0,,,
264.020355,0.000039,0.0036,0.8443,0,,,
265.020142,0.000039,0.0036,0.8451,0,,,
266.019897,0.000038,0.0035,0.8256,0,,,
267.019653,0.000039,0.0036,0.8412,0,,,
268.020569,0.000038,0.0035,0.8251,0,,,
269.020294,0.000038,0.0035,0.8287,0,,,
270.020050,0.000038,0.0035,0.8337,0,,,
271.019806,0.000038,0.0035,0.8312,0,,,
272.019592,0.000038,0.0035,0.8354,0,,,
273.020477,0.000039,0.0036,0.8438,0,,,
274.020264,0.000039,0.0036,0.8495,0,,,
275.019989,0.000040,0.0036,0.8587,0,,,
276.019745,0.000039,0.0036,0.8405,0,,,
277.019501,0.000039,0.0036,0.8456,0,,,
278.020416,0.000039,0.0036,0.8567,0,,,
279.020172,0.000040,0.0037,0.8702,0,,,
280.019897,0.000039,0.0036,0.8480,0,,,
281.019684,0.000039,0.0035,0.8388,0,,,
282.020569,0.000039,0.0036,0.8439,0,,,
283.020355,0.000039,0.0036,0.8485,0,,,
284.020111,0.000039,0.0035,0.8365,0,,,
285.019867,0.000039,0.0036,0.8520,0,,,
286.019623,0.000040,0.0036,0.8607,0,,,
287.020538,0.000040,0.0037,0.8693,0,,,
288.020294,0.000039,0.0035,0.8396,0,,,
289.020020,0.000040,0.0037,0.8644,0,,,
290.019806,0.000040,0.0036,0.8586,0,,,
291.019562,0.000039,0.0036,0.8455,0,,,
292.020447,0.000039,0.0036,0.8432,0,,,
293.020233,0.000040,0.0036,0.8619,0,,,
294.019958,0.000039,0.0036,0.8469,0,,,
295.019745,0.000039,0.0036,0.8436,0,,,
296.019501,0.000039,0.0036,0.8410,0,,,
297.020416,0.000039,0.0036,0.8492,0,,,
298.020172,0.000039,0.0036,0.8429,0,,,
299.019897,0.000039,0.0036,0.8540,0,,,
300.019684,0.000039,0.0036,0.8545,0,,,
301.020569,0.000040,0.0036,0.8617,0,,,
302.020355,0.000039,0.0036,0.8575,0,,,
303.020111,0.000039,0.0035,0.8370,0,,,
304.019836,0.000040,0.0037,0.8653,0,,,
305.019592,0.000039,0.0036,0.8447,0,,,
306.020508,0.000039,0.0036,0.8533,0,,,
307.020264,0.000039,0.0036,0.8548,0,,,
308.019989,0.000039,0.0036,0.8502,0,,,
309.019745,0.000039,0.0036,0.8493,0,,,
310.019501,0.000039,0.0036,0.8538,0,,,
311.020416,0.000040,0.0037,0.8682,0,,,
312.020172,0.000040,0.0036,0.8600,0,,,
313.019897,0.000040,0.0037,0.8683,0,,,
314.019684,0.000039,0.0036,0.8521,0,,,
315.020569,0.000040,0.0036,0.8600,0,,,
316.020355,0.000040,0.0037,0.8655,0,,,
317.020111,0.000039,0.0036,0.8481,0,,,
318.019836,0.000040,0.0036,0.8604,0,,,
319.019592,0.000039,0.0036,0.8542,0,,,
320.020508,0.000039,0.0036,0.8575,0,,,
321.020294,0.000039,0.0036,0.8570,0,,,
322.020020,0.000038,0.0035,0.8324,0,,,
323.019806,0.000039,0.0036,0.8507,0,,,
324.019592,0.000039,0.0036,0.8547,0,,,
325.020508,0.000040,0.0037,0.8671,0,,,
326.020294,0.000039,0.0036,0.8451,0,,,
327.020050,0.000039,0.0036,0.8564,0,,,
328.019836,0.000039,0.0036,0.8467,0,,,
329.019623,0.000039,0.0036,0.8484,0,,,
330.020538,0.000040,0.0036,0.8630,0,,,
331.020325,0.000040,0.0037,0.8735,0,,,
332.020111,0.000039,0.0036,0.8468,0,,,
333.019836,0.000039,0.0036,0.8421,0,,,
334.019623,0.000040,0.0036,0.8608,0,,,
335.020538,0.000039,0.0036,0.8544,0,,,
336.020325,0.000039,0.0036,0.8468,0,,,
337.020111,0.000039,0.0036,0.8528,0,,,
338.019836,0.000039,0.0036,0.8428,0,,,
339.019623,0.000039,0.0035,0.8396,0,,,
340.020538,0.000039,0.0036,0.8499,0,,,
341.020325,0.000039,0.0036,0.8521,0,,,
342.020111,0.000040,0.0037,0.8653,0,,,
343.019867,0.000039,0.0036,0.8464,0,,,
344.019653,0.000039,0.0036,0.8445,0,,,
345.020569,0.000039,0.0036,0.8537,0,,,
346.020355,0.000039,0.0036,0.8490,0,,,
347.020111,0.000038,0.0035,0.8360,0,,,
348.019867,0.000039,0.0036,0.8417,0,,,
349.019653,0.000040,0.0036,0.8596,0,,,
350.020569,0.000040,0.0036,0.8640,0,,,
351.020355,0.000039,0.0036,0.8578,0,,,
352.020142,0.000039,0.0036,0.8427,0,,,
353.019897,0.000039,0.0036,0.8556,0,,,
354.019684,0.000039,0.0036,0.8502,0,,,
355.019470,0.000039,0.0035,0.8401,0,,,
356.020386,0.000039,0.0036,0.8538,0,,,
357.020172,0.000040,0.0036,0.8639,0,,,
358.019928,0.000040,0.0036,0.8584,0,,,
359.019714,0.000039,0.0036,0.8474,0,,,
360.019501,0.000039,0.0036,0.8494,0,,,
361.020416,0.000040,0.0036,0.8583,0,,,
362.020203,0.000040,0.0037,0.8733,0,,,
363.019928,0.000039,0.0036,0.8545,0,,,
364.019714,0.000039,0.0035,0.8381,0,,,
365.019470,0.000039,0.0036,0.8559,0,,,
366.020386,0.000040,0.0036,0.8583,0,,,
367.020172,0.000039,0.0036,0.8516,0,,,
368.019928,0.000039,0.0036,0.8551,0,,,
369.019714,0.000039,0.0036,0.8542,0,,,
370.019501,0.000040,0.0036,0.8617,0,,,
371.020416,0.000039,0.0036,0.8464,0,,,
372.020203,0.000039,0.0036,0.8525,0,,,
373.019928,0.000040,0.0037,0.8670,0,,,
374.019714,0.000039,0.0036,0.8519,0,,,
375.019470,0.000039,0.0036,0.8565,0,,,
376.020386,0.000040,0.0037,0.8646,0,,,
377.020172,0.000039,0.0036,0.8448,0,,,
378.019928,0.000039,0.0035,0.8401,0,,,
379.019714,0.000040,0.0037,0.8665,0,,,
380.019470,0.002513,0.2306,54.5922,0,,,
381.020386,0.001854,0.1701,40.2795,0,,,
382.020172,0.004710,0.4321,102.3105,1,380.019470,64.8770,1
383.019470,0.009475,0.8693,205.8132,0,,,
384.020386,0.011194,1.0270,243.1517,0,,,
385.020142,0.013186,1.2097,286.4045,1,383.019470,179.3957,1
386.019470,0.027367,2.5108,594.4241,0,,,
387.020355,0.036753,3.3719,798.2958,0,,,
388.020142,0.037115,3.4051,806.1689,1,386.019470,487.8398,1
389.020599,0.036941,3.3891,802.3767,0,,,
390.020355,0.037092,3.4031,805.6730,0,,,
391.020142,0.036660,3.3634,796.2821,1,389.020599,68.4810,1
392.020599,0.036795,3.3758,799.2252,0,,,
393.020355,0.036550,3.3533,793.8905,0,,,
394.020111,0.036966,3.3915,802.9391,0,,,
395.019836,0.037091,3.4029,805.6392,0,,,
396.019592,0.036647,3.3622,795.9917,0,,,
397.020477,0.036643,3.3618,795.9153,0,,,
398.020203,0.036984,3.3931,803.3133,0,,,
399.019928,0.036974,3.3922,803.0917,0,,,
400.019684,0.036494,3.3482,792.6865,0,,,
401.020569,0.036785,3.3749,799.0010,0,,,
402.020325,0.037016,3.3961,804.0222,0,,,
403.020050,0.036633,3.3609,795.6912,0,,,
404.019806,0.036494,3.3482,792.6870,0,,,
405.019562,0.036791,3.3754,799.1324,0,,,
406.020447,0.036910,3.3863,801.7144,0,,,
407.020203,0.036475,3.3464,792.2540,0,,,
408.019928,0.036449,3.3440,791.7017,0,,,
409.019714,0.036451,3.3442,791.7394,0,,,
410.019470,0.036358,3.3357,789.7231,0,,,
411.020386,0.036320,3.3322,788.8940,0,,,
412.020142,0.036506,3.3492,792.9270,0,,,
413.019897,0.023319,2.1394,506.5098,0,,,
414.019653,0.004520,0.4147,98.1706,0,,,
415.020569,0.000045,0.0041,0.9740,1,413.019897,588.6299,-1
416.019897,0.000040,0.0036,0.8632,0,,,
417.019684,0.000039,0.0036,0.8496,0,,,
418.020569,0.000039,0.0036,0.8507,1,416.019897,201.0303,-1
419.019928,0.000039,0.0036,0.8472,0,,,
420.019684,0.000039,0.0036,0.8569,0,,,
421.020599,0.000039,0.0036,0.8441,0,,,
422.020355,0.000038,0.0035,0.8267,0,,,
423.020142,0.000039,0.0036,0.8493,0,,,
424.019897,0.000039,0.0036,0.8513,0,,,
425.019684,0.000039,0.0035,0.8366,0,,,
426.020599,0.000040,0.0036,0.8602,0,,,
427.020386,0.000039,0.0036,0.8503,0,,,
428.020172,0.000039,0.0036,0.8517,0,,,
429.019897,0.000039,0.0035,0.8401,0,,,
430.019684,0.000039,0.0036,0.8441,0,,,
431.020599,0.000040,0.0036,0.8631,0,,,
432.020386,0.000039,0.0035,0.8365,0,,,
433.020172,0.000039,0.0036,0.8421,0,,,
434.019897,0.000039,0.0036,0.8512,0,,,
435.019684,0.000039,0.0036,0.8425,0,,,
436.020599,0.000039,0.0035,0.8376,0,,,
437.020386,0.000040,0.0037,0.8688,0,,,
438.020172,0.000039,0.0036,0.8457,0,,,
439.019928,0.000039,0.0036,0.8480,0,,,
440.019714,0.000039,0.0036,0.8473,0,,,
441.019470,0.000039,0.0036,0.8495,0,,,
442.020386,0.000040,0.0036,0.8583,0,,,
443.020172,0.000038,0.0035,0.8284,0,,,
444.019897,0.000039,0.0036,0.8522,0,,,
445.019684,0.000039,0.0036,0.8445,0,,,
446.020569,0.000039,0.0036,0.8497,0,,,
447.020355,0.000039,0.0036,0.8504,0,,,
448.020142,0.000039,0.0036,0.8489,0,,,
449.019897,0.000039,0.0036,0.8541,0,,,
450.019684,0.000040,0.0036,0.8617,0,,,
451.019470,0.000040,0.0037,0.8708,0,,,
452.020386,0.000040,0.0036,0.8597,0,,,
453.020172,0.000039,0.0036,0.8435,0,,,
454.019928,0.000039,0.0036,0.8517,0,,,
455.019714,0.000040,0.0036,0.8623,0,,,
456.019470,0.000039,0.0036,0.8530,0,,,
457.020386,0.000039,0.0036,0.8468,0,,,
458.020172,0.000039,0.0036,0.8450,0,,,
459.019928,0.000039,0.0036,0.8457,0,,,
460.019714,0.000039,0.0036,0.8556,0,,,
461.019501,0.000038,0.0035,0.8344,0,,,
462.020416,0.000039,0.0036,0.8487,0,,,
463.020203,0.000040,0.0036,0.8607,0,,,
464.019958,0.000040,0.0036,0.8607,0,,,
465.019745,0.000039,0.0035,0.8388,0,,,
466.019531,0.000039,0.0036,0.8482,0,,,
467.020447,0.000040,0.0036,0.8626,0,,,
468.020203,0.000040,0.0036,0.8590,0,,,
469.019958,0.000039,0.0036,0.8483,0,,,
470.019745,0.000039,0.0036,0.8497,0,,,
471.019531,0.000039,0.0036,0.8489,0,,,
472.020447,0.000039,0.0036,0.8521,0,,,
473.020203,0.000039,0.0036,0.8560,0,,,
474.019958,0.000039,0.0036,0.8485,0,,,
475.019745,0.000039,0.0036,0.8447,0,,,
476.019501,0.000039,0.0036,0.8463,0,,,
477.020416,0.000039,0.0035,0.8404,0,,,
478.020203,0.000039,0.0036,0.8560,0,,,
479.019928,0.000039,0.0036,0.8510,0,,,
480.019714,0.000039,0.0036,0.8546,0,,,
481.019501,0.000039,0.0036,0.8442,0,,,
482.020416,0.000039,0.0036,0.8514,0,,,
483.020203,0.000039,0.0036,0.8535,0,,,
484.019928,0.000039,0.0036,0.8458,0,,,
485.019714,0.000039,0.0035,0.8393,0,,,
486.019470,0.000039,0.0036,0.8518,0,,,
487.020386,0.000040,0.0036,0.8604,0,,,
488.020142,0.000039,0.0036,0.8417,0,,,
489.019897,0.000039,0.0036,0.8512,0,,,
490.019653,0.000039,0.0036,0.8496,0,,,
491.020569,0.000040,0.0037,0.8655,0,,,
492.020355,0.000039,0.0036,0.8447,0,,,
493.020142,0.000038,0.0035,0.8314,0,,,
494.019867,0.000039,0.0036,0.8443,0,,,
495.019653,0.000039,0.0036,0.8536,0,,,
496.020538,0.000039,0.0036,0.8465,0,,,
497.020325,0.000039,0.0035,0.8393,0,,,
498.020050,0.000040,0.0036,0.8636,0,,,
499.019836,0.000040,0.0037,0.8690,0,,,
500.019592,0.000039,0.0035,0.8397,0,,,
501.020508,0.000039,0.0036,0.8541,0,,,
502.020294,0.000039,0.0036,0.8504,0,,,
503.020020,0.000039,0.0035,0.8392,0,,,
504.019806,0.000039,0.0036,0.8575,0,,,
505.019562,0.000039,0.0036,0.8572,0,,,
506.020477,0.000039,0.0036,0.8436,0,,,
507.020264,0.000039,0.0036,0.8425,0,,,
508.020020,0.000039,0.0036,0.8523,0,,,
509.019806,0.000039,0.0036,0.8554,0,,,
510.019592,0.000039,0.0036,0.8504,0,,,
511.020508,0.000039,0.0036,0.8550,0,,,
512.020264,0.000039,0.0036,0.8523,0,,,
513.020081,0.000039,0.0036,0.8494,0,,,
514.019836,0.000039,0.0036,0.8520,0,,,
515.019592,0.000039,0.0035,0.8398,0,,,
516.020569,0.000039,0.0036,0.8573,0,,,
517.020264,0.000039,0.0035,0.8403,0,,,
518.020081,0.000039,0.0036,0.8536,0,,,
519.019836,0.000040,0.0036,0.8606,0,,,
520.019592,0.000039,0.0036,0.8438,0,,,
521.020569,0.000039,0.0036,0.8421,0,,,
522.020264,0.000039,0.0036,0.8451,0,,,
523.020081,0.000039,0.0036,0.8489,0,,,
524.019836,0.000039,0.0036,0.8471,0,,,
525.019592,0.000039,0.0036,0.8508,0,,,
526.020569,0.000040,0.0037,0.8722,0,,,
527.020264,0.000039,0.0036,0.8524,0,,,
528.020081,0.000039,0.0036,0.8521,0,,,
529.019836,0.000039,0.0036,0.8414,0,,,
530.019592,0.000040,0.0037,0.8727,0,,,
531.020508,0.000039,0.0035,0.8391,0,,,
532.020264,0.000039,0.0035,0.8375,0,,,
533.020081,0.000040,0.0037,0.8667,0,,,
534.019836,0.000040,0.0036,0.8621,0,,,
535.019592,0.000039,0.0036,0.8523,0,,,
536.020508,0.000038,0.0035,0.8327,0,,,
537.020264,0.000039,0.0036,0.8568,0,,,
538.020020,0.000039,0.0036,0.8550,0,,,
539.019775,0.000039,0.0036,0.8405,0,,,
540.019592,0.000039,0.0036,0.8451,0,,,
541.020508,0.000039,0.0036,0.8573,0,,,
542.020264,0.000039,0.0036,0.8428,0,,,
543.020020,0.000039,0.0036,0.8555,0,,,
544.019775,0.000039,0.0036,0.8474,0,,,
545.019592,0.000040,0.0036,0.8616,0,,,
546.020508,0.000039,0.0036,0.8413,0,,,
547.020203,0.000039,0.0035,0.8394,0,,,
548.019958,0.000040,0.0036,0.8593,0,,,
549.019775,0.000040,0.0037,0.8719,0,,,
550.019531,0.000038,0.0035,0.8272,0,,,
551.020386,0.000040,0.0037,0.8745,0,,,
552.020203,0.000039,0.0036,0.8573,0,,,
553.019958,0.000039,0.0036,0.8428,0,,,
554.019714,0.000040,0.0036,0.8583,0,,,
555.019470,0.000040,0.0036,0.8626,0,,,
556.020386,0.000038,0.0035,0.8354,0,,,
557.020142,0.000039,0.0036,0.8553,0,,,
558.019958,0.000040,0.0036,0.8616,0,,,
559.019714,0.000040,0.0036,0.8590,0,,,
560.019470,0.000039,0.0036,0.8532,0,,,
561.020386,0.000040,0.0037,0.8677,0,,,
562.020142,0.000039,0.0036,0.8464,0,,,
563.019958,0.000039,0.0036,0.8491,0,,,
564.019775,0.000040,0.0036,0.8588,0,,,
565.019531,0.000039,0.0036,0.8561,0,,,
566.020386,0.000039,0.0036,0.8554,0,,,
567.020142,0.000040,0.0036,0.8640,0,,,
568.019958,0.000039,0.0036,0.8562,0,,,
569.019775,0.000039,0.0036,0.8467,0,,,
570.019531,0.000040,0.0037,0.8661,0,,,
571.020386,0.000039,0.0036,0.8467,0,,,
572.020142,0.000039,0.0036,0.8461,0,,,
573.019897,0.000040,0.0037,0.8664,0,,,
574.019653,0.000039,0.0036,0.8490,0,,,
575.020630,0.000039,0.0036,0.8415,0,,,
576.020325,0.000040,0.0037,0.8655,0,,,
577.020081,0.000039,0.0036,0.8578,0,,,
578.019836,0.000039,0.0035,0.8368,0,,,
579.019592,0.000040,0.0037,0.8679,0,,,
580.020508,0.000040,0.0036,0.8596,0,,,
581.020203,0.000039,0.0036,0.8552,0,,,
582.019958,0.000039,0.0036,0.8572,0,,,
583.019775,0.000040,0.0036,0.8638,0,,,
584.019531,0.000039,0.0035,0.8387,0,,,
585.020386,0.000040,0.0036,0.8588,0,,,
586.020142,0.000039,0.0036,0.8554,0,,,
587.019897,0.000039,0.0036,0.8526,0,,,
588.019653,0.000040,0.0036,0.8612,0,,,
589.020630,0.000040,0.0036,0.8590,0,,,
590.020325,0.000039,0.0036,0.8465,0,,,
591.020081,0.000039,0.0036,0.8515,0,,,
592.019897,0.000039,0.0036,0.8578,0,,,
593.019653,0.000039,0.0036,0.8570,0,,,
594.019470,0.000039,0.0036,0.8460,0,,,
595.020386,0.000040,0.0037,0.8703,0,,,
596.020142,0.000038,0.0035,0.8355,0,,,
597.019897,0.000039,0.0036,0.8549,0,,,
598.019714,0.000039,0.0036,0.8500,0,,,
599.019470,0.000039,0.0036,0.8531,0,,,
600.020386,0.000039,0.0036,0.8568,0,,,
601.020142,0.000040,0.0037,0.8662,0,,,
602.019958,0.000039,0.0036,0.8416,0,,,
603.019714,0.000039,0.0036,0.8538,0,,,
604.019470,0.000039,0.0036,0.8565,0,,,
605.020386,0.000040,0.0036,0.8611,0,,,
606.020142,0.000039,0.0036,0.8466,0,,,
607.019958,0.000040,0.0037,0.8665,0,,,
608.019775,0.000040,0.0036,0.8588,0,,,
609.019531,0.000039,0.0036,0.8545,0,,,
610.020386,0.000039,0.0036,0.8486,0,,,
611.020203,0.000040,0.0036,0.8615,0,,,
612.019958,0.000039,0.0036,0.8557,0,,,
613.019775,0.000039,0.0036,0.8489,0,,,
614.019531,0.000040,0.0036,0.8598,0,,,
615.020386,0.000040,0.0036,0.8633,0,,,
616.020203,0.000039,0.0036,0.8464,0,,,
617.019958,0.000039,0.0036,0.8569,0,,,
618.019714,0.000040,0.0037,0.8752,0,,,
619.019531,0.000039,0.0036,0.8427,0,,,
620.020386,0.000039,0.0036,0.8491,0,,,
621.020142,0.000040,0.0036,0.8631,0,,,
622.019897,0.000040,0.0036,0.8641,0,,,
623.019653,0.000039,0.0036,0.8537,0,,,
624.019470,0.000040,0.0037,0.8733,0,,,
625.020325,0.000040,0.0036,0.8609,0,,,
626.020142,0.000039,0.0036,0.8536,0,,,
627.019897,0.000038,0.0035,0.8357,0,,,
628.019653,0.000039,0.0036,0.8421,0,,,
629.020569,0.000039,0.0036,0.8522,0,,,
630.020264,0.000039,0.0036,0.8498,0,,,
631.020020,0.000039,0.0036,0.8514,0,,,
632.019836,0.000040,0.0037,0.8650,0,,,
633.019592,0.000040,0.0037,0.8688,0,,,
634.020508,0.000040,0.0037,0.8704,0,,,
635.020203,0.000039,0.0036,0.8475,0,,,
636.019958,0.000039,0.0036,0.8551,0,,,
637.019714,0.000039,0.0036,0.8548,0,,,
638.019470,0.000040,0.0037,0.8661,0,,,
639.020325,0.000040,0.0036,0.8605,0,,,
640.020142,0.000039,0.0036,0.8557,0,,,
641.019897,0.000039,0.0036,0.8514,0,,,
642.019653,0.000040,0.0036,0.8616,0,,,
643.020569,0.000039,0.0036,0.8483,0,,,
644.020264,0.000039,0.0036,0.8510,0,,,
645.020020,0.000040,0.0037,0.8704,0,,,
646.019836,0.000040,0.0036,0.8591,0,,,
647.019592,0.000039,0.0036,0.8471,0,,,
648.020508,0.000039,0.0036,0.8458,0,,,
649.020203,0.000040,0.0037,0.8686,0,,,
650.019958,0.000040,0.0036,0.8625,0,,,
651.019775,0.000039,0.0036,0.8522,0,,,
652.019531,0.000039,0.0036,0.8564,0,,,
653.020386,0.000040,0.0036,0.8618,0,,,
654.020142,0.000039,0.0036,0.8452,0,,,
655.019897,0.000039,0.0036,0.8564,0,,,
656.019653,0.000040,0.0036,0.8612,0,,,
657.020630,0.000040,0.0037,0.8706,0,,,
658.020325,0.003607,0.3309,78.3403,0,,,
659.020081,0.003678,0.3374,79.8877,0,,,
660.019836,0.004950,0.4541,107.5143,1,658.020325,87.7180,1
661.020264,0.006914,0.6343,150.1772,0,,,
662.020081,0.008572,0.7864,186.1799,0,,,
663.019836,0.005594,0.5132,121.5102,1,661.020264,64.0417,1
664.020264,0.015108,1.3861,328.1564,0,,,
665.020081,0.037089,3.4027,805.5917,0,,,
666.019836,0.036628,3.3605,795.5889,1,664.020264,490.4899,1
667.020264,0.036677,3.3650,796.6539,0,,,
668.020020,0.036915,3.3868,801.8311,0,,,
669.019836,0.037038,3.3981,804.4966,1,667.020264,157.8815,1
670.020264,0.037041,3.3984,804.5657,0,,,
671.020081,0.036524,3.3509,793.3229,0,,,
672.019836,0.036986,3.3933,803.3727,0,,,
673.019653,0.036981,3.3929,803.2615,0,,,
674.020569,0.036612,3.3590,795.2496,0,,,
675.020325,0.036747,3.3714,798.1726,0,,,
676.020081,0.037121,3.4057,806.2975,0,,,
677.019897,0.036631,3.3607,795.6544,0,,,
678.019653,0.036692,3.3664,796.9868,0,,,
679.020630,0.036963,3.3912,802.8577,0,,,
680.020325,0.036828,3.3788,799.9207,0,,,
681.020142,0.036470,3.3459,792.1446,0,,,
682.019897,0.036898,3.3852,801.4525,0,,,
683.019714,0.036978,3.3925,803.1852,0,,,
684.019470,0.036537,3.3521,793.6112,0,,,
685.020386,0.036561,3.3543,794.1423,0,,,
686.020142,0.036932,3.3883,802.1840,0,,,
687.019958,0.036579,3.3560,794.5327,0,,,
688.019714,0.036377,3.3375,790.1453,0,,,
689.019531,0.032092,2.9443,697.0692,0,,,
690.020386,0.034293,3.1462,744.8661,0,,,
691.020203,0.024557,2.2530,533.3881,1,689.019531,137.1794,-1
692.019592,0.006392,0.5864,138.8377,0,,,
693.020508,0.003148,0.2888,68.3735,0,,,
694.020264,0.002366,0.2171,51.3895,1,692.019592,572.2410,-1
695.019653,0.000038,0.0035,0.8333,0,,,
696.020569,0.000040,0.0036,0.8608,0,,,
697.020264,0.000039,0.0036,0.8420,1,695.019653,85.3548,-1
698.019653,0.000039,0.0035,0.8379,0,,,
699.020630,0.000039,0.0036,0.8507,0,,,
700.020325,0.000039,0.0036,0.8531,0,,,
701.020081,0.000040,0.0037,0.8743,0,,,
702.019897,0.000039,0.0036,0.8522,0,,,
703.019653,0.000039,0.0036,0.8446,0,,,
704.019470,0.000039,0.0036,0.8535,0,,,
705.020386,0.000039,0.0036,0.8540,0,,,
706.020142,0.000040,0.0036,0.8583,0,,,
707.019958,0.000039,0.0036,0.8483,0,,,
708.019714,0.000039,0.0036,0.8569,0,,,
709.019470,0.000039,0.0036,0.8551,0,,,
710.020325,0.000039,0.0036,0.8483,0,,,
711.020142,0.000040,0.0036,0.8589,0,,,
712.019897,0.000039,0.0036,0.8474,0,,,
713.019653,0.000039,0.0036,0.8534,0,,,
714.020630,0.000040,0.0037,0.8666,0,,,
715.020325,0.000039,0.0036,0.8475,0,,,
716.020081,0.000039,0.0036,0.8499,0,,,
717.019836,0.000039,0.0036,0.8557,0,,,
718.019592,0.000039,0.0036,0.8561,0,,,
719.020569,0.000039,0.0036,0.8510,0,,,
720.020264,0.000039,0.0036,0.8554,0,,,
721.020020,0.000039,0.0036,0.8548,0,,,
722.019775,0.000039,0.0036,0.8521,0,,,
723.019592,0.000039,0.0036,0.8469,0,,,
724.020508,0.000040,0.0037,0.8736,0,,,
725.020203,0.000039,0.0036,0.8486,0,,,
726.019958,0.000039,0.0036,0.8531,0,,,
727.019714,0.000039,0.0036,0.8554,0,,,
728.019531,0.000039,0.0036,0.8466,0,,,
729.020386,0.000040,0.0036,0.8593,0,,,
730.020142,0.000039,0.0036,0.8571,0,,,
731.019897,0.000039,0.0036,0.8567,0,,,
732.019653,0.000039,0.0036,0.8476,0,,,
733.020569,0.000039,0.0036,0.8550,0,,,
734.020325,0.000040,0.0037,0.8693,0,,,
735.020081,0.000040,0.0036,0.8613,0,,,
736.019836,0.000039,0.0036,0.8564,0,,,
737.019592,0.000040,0.0036,0.8628,0,,,
738.020569,0.000040,0.0037,0.8757,0,,,
739.020264,0.000039,0.0036,0.8524,0,,,
740.020020,0.000040,0.0037,0.8691,0,,,
741.019775,0.000039,0.0036,0.8579,0,,,
742.019592,0.000040,0.0036,0.8640,0,,,
743.020508,0.000039,0.0036,0.8501,0,,,
744.020203,0.000040,0.0036,0.8614,0,,,
745.020020,0.000040,0.0037,0.8649,0,,,
746.019775,0.000039,0.0036,0.8430,0,,,
747.019592,0.000040,0.0036,0.8607,0,,,
748.020508,0.000039,0.0036,0.8533,0,,,
749.020203,0.000039,0.0036,0.8564,0,,,
750.020020,0.000040,0.0037,0.8651,0,,,
751.019775,0.000040,0.0037,0.8693,0,,,
752.019592,0.000039,0.0036,0.8469,0,,,
753.020569,0.000039,0.0036,0.8447,0,,,
754.020264,0.000040,0.0037,0.8726,0,,,
755.020020,0.000039,0.0036,0.8462,0,,,
756.019836,0.000039,0.0036,0.8496,0,,,
757.019592,0.000039,0.0036,0.8487,0,,,
758.020569,0.000039,0.0036,0.8457,0,,,
759.020264,0.000039,0.0036,0.8483,0,,,
760.020020,0.000039,0.0036,0.8538,0,,,
761.019836,0.000040,0.0036,0.8633,0,,,
762.019592,0.000039,0.0036,0.8565,0,,,
763.020569,0.000039,0.0036,0.8481,0,,,
764.020264,0.000040,0.0036,0.8589,0,,,
765.020081,0.000040,0.0036,0.8637,0,,,
766.019836,0.000040,0.0036,0.8603,0,,,
767.019592,0.000039,0.0036,0.8561,0,,,
768.020569,0.000039,0.0036,0.8535,0,,,
769.020264,0.000039,0.0036,0.8477,0,,,
770.020081,0.000039,0.0036,0.8498,0,,,
771.019836,0.000040,0.0037,0.8729,0,,,
772.019653,0.000039,0.0036,0.8537,0,,,
773.020569,0.000039,0.0036,0.8540,0,,,
774.020264,0.000040,0.0037,0.8646,0,,,
775.020081,0.000040,0.0037,0.8645,0,,,
776.019836,0.000040,0.0036,0.8585,0,,,
777.019653,0.000040,0.0036,0.8628,0,,,
778.020569,0.000040,0.0036,0.8627,0,,,
779.020325,0.000039,0.0036,0.8536,0,,,
780.020081,0.000039,0.0036,0.8428,0,,,
781.019897,0.000040,0.0036,0.8625,0,,,
782.019653,0.000040,0.0037,0.8683,0,,,
783.020630,0.000039,0.0036,0.8565,0,,,
784.020325,0.000039,0.0036,0.8562,0,,,
785.020142,0.000040,0.0037,0.8646,0,,,
786.019897,0.000040,0.0037,0.8722,0,,,
787.019653,0.000040,0.0036,0.8584,0,,,
788.019470,0.000039,0.0036,0.8554,0,,,
789.020386,0.000039,0.0036,0.8574,0,,,
790.020142,0.000040,0.0036,0.8602,0,,,
791.019958,0.000027,0.0025,0.5936,0,,,
792.019714,0.000009,0.0008,0.1956,0,,,
793.019470,0.000009,0.0008,0.1960,0,,,
794.020325,0.000010,0.0009,0.2081,0,,,
795.020142,0.000010,0.0009,0.2079,0,,,
796.019897,0.000009,0.0009,0.2013,0,,,
797.019653,0.000010,0.0009,0.2067,0,,,
798.020630,0.000010,0.0009,0.2196,0,,,
799.020325,0.000010,0.0009,0.2148,0,,,
