attempt,t_s,vrms,phase,included_in_mean,note
1,4.173,0.026472,cold,false,"discarded: oscillation artifact (~4.4% rel. stdev), matching a previously documented marginal-connection signature; cleared after physically inspecting the rig (see doc)"
1,5.173,0.037826,cold,false,"discarded: oscillation artifact (~4.4% rel. stdev), matching a previously documented marginal-connection signature; cleared after physically inspecting the rig (see doc)"
1,6.173,0.038281,cold,false,"discarded: oscillation artifact (~4.4% rel. stdev), matching a previously documented marginal-connection signature; cleared after physically inspecting the rig (see doc)"
1,7.174,0.035736,cold,false,"discarded: oscillation artifact (~4.4% rel. stdev), matching a previously documented marginal-connection signature; cleared after physically inspecting the rig (see doc)"
1,8.173,0.034193,cold,false,"discarded: oscillation artifact (~4.4% rel. stdev), matching a previously documented marginal-connection signature; cleared after physically inspecting the rig (see doc)"
1,9.173,0.036219,cold,false,"discarded: oscillation artifact (~4.4% rel. stdev), matching a previously documented marginal-connection signature; cleared after physically inspecting the rig (see doc)"
1,10.173,0.03825,cold,false,"discarded: oscillation artifact (~4.4% rel. stdev), matching a previously documented marginal-connection signature; cleared after physically inspecting the rig (see doc)"
1,11.174,0.037996,cold,false,"discarded: oscillation artifact (~4.4% rel. stdev), matching a previously documented marginal-connection signature; cleared after physically inspecting the rig (see doc)"
1,12.174,0.035292,heating,false,"discarded: oscillation artifact (~4.4% rel. stdev), matching a previously documented marginal-connection signature; cleared after physically inspecting the rig (see doc)"
1,13.175,0.034216,heating,false,"discarded: oscillation artifact (~4.4% rel. stdev), matching a previously documented marginal-connection signature; cleared after physically inspecting the rig (see doc)"
1,14.174,0.036224,heating,false,"discarded: oscillation artifact (~4.4% rel. stdev), matching a previously documented marginal-connection signature; cleared after physically inspecting the rig (see doc)"
1,15.174,0.038158,heating,false,"discarded: oscillation artifact (~4.4% rel. stdev), matching a previously documented marginal-connection signature; cleared after physically inspecting the rig (see doc)"
1,16.174,0.03841,heating,false,"discarded: oscillation artifact (~4.4% rel. stdev), matching a previously documented marginal-connection signature; cleared after physically inspecting the rig (see doc)"
1,17.175,0.036359,heating,false,"discarded: oscillation artifact (~4.4% rel. stdev), matching a previously documented marginal-connection signature; cleared after physically inspecting the rig (see doc)"
1,18.175,0.034191,heating,false,"discarded: oscillation artifact (~4.4% rel. stdev), matching a previously documented marginal-connection signature; cleared after physically inspecting the rig (see doc)"
1,19.174,0.034955,heating,false,"discarded: oscillation artifact (~4.4% rel. stdev), matching a previously documented marginal-connection signature; cleared after physically inspecting the rig (see doc)"
1,20.174,0.037229,heating,false,"discarded: oscillation artifact (~4.4% rel. stdev), matching a previously documented marginal-connection signature; cleared after physically inspecting the rig (see doc)"
1,21.175,0.0384,heating,false,"discarded: oscillation artifact (~4.4% rel. stdev), matching a previously documented marginal-connection signature; cleared after physically inspecting the rig (see doc)"
1,22.175,0.037991,heating,false,"discarded: oscillation artifact (~4.4% rel. stdev), matching a previously documented marginal-connection signature; cleared after physically inspecting the rig (see doc)"
1,23.175,0.035529,heating,false,"discarded: oscillation artifact (~4.4% rel. stdev), matching a previously documented marginal-connection signature; cleared after physically inspecting the rig (see doc)"
1,24.174,0.03404,heating,false,"discarded: oscillation artifact (~4.4% rel. stdev), matching a previously documented marginal-connection signature; cleared after physically inspecting the rig (see doc)"
1,25.175,0.035123,heating,false,"discarded: oscillation artifact (~4.4% rel. stdev), matching a previously documented marginal-connection signature; cleared after physically inspecting the rig (see doc)"
1,26.175,0.037198,heating,false,"discarded: oscillation artifact (~4.4% rel. stdev), matching a previously documented marginal-connection signature; cleared after physically inspecting the rig (see doc)"
1,27.175,0.038371,heating,false,"discarded: oscillation artifact (~4.4% rel. stdev), matching a previously documented marginal-connection signature; cleared after physically inspecting the rig (see doc)"
1,28.175,0.03819,heating,false,"discarded: oscillation artifact (~4.4% rel. stdev), matching a previously documented marginal-connection signature; cleared after physically inspecting the rig (see doc)"
1,29.176,0.03624,heating,false,"discarded: oscillation artifact (~4.4% rel. stdev), matching a previously documented marginal-connection signature; cleared after physically inspecting the rig (see doc)"
1,30.175,0.034193,heating,false,"discarded: oscillation artifact (~4.4% rel. stdev), matching a previously documented marginal-connection signature; cleared after physically inspecting the rig (see doc)"
1,31.175,0.03468,heating,false,"discarded: oscillation artifact (~4.4% rel. stdev), matching a previously documented marginal-connection signature; cleared after physically inspecting the rig (see doc)"
1,32.175,0.036776,heating,false,"discarded: oscillation artifact (~4.4% rel. stdev), matching a previously documented marginal-connection signature; cleared after physically inspecting the rig (see doc)"
1,33.176,0.038257,heating,false,"discarded: oscillation artifact (~4.4% rel. stdev), matching a previously documented marginal-connection signature; cleared after physically inspecting the rig (see doc)"
1,34.176,0.038206,heating,false,"discarded: oscillation artifact (~4.4% rel. stdev), matching a previously documented marginal-connection signature; cleared after physically inspecting the rig (see doc)"
1,35.175,0.035505,heating,false,"discarded: oscillation artifact (~4.4% rel. stdev), matching a previously documented marginal-connection signature; cleared after physically inspecting the rig (see doc)"
1,36.175,0.033801,heating,false,"discarded: oscillation artifact (~4.4% rel. stdev), matching a previously documented marginal-connection signature; cleared after physically inspecting the rig (see doc)"
1,37.176,0.034951,heating,false,"discarded: oscillation artifact (~4.4% rel. stdev), matching a previously documented marginal-connection signature; cleared after physically inspecting the rig (see doc)"
1,38.176,0.037036,heating,false,"discarded: oscillation artifact (~4.4% rel. stdev), matching a previously documented marginal-connection signature; cleared after physically inspecting the rig (see doc)"
1,39.176,0.038247,heating,false,"discarded: oscillation artifact (~4.4% rel. stdev), matching a previously documented marginal-connection signature; cleared after physically inspecting the rig (see doc)"
1,40.175,0.037883,heating,false,"discarded: oscillation artifact (~4.4% rel. stdev), matching a previously documented marginal-connection signature; cleared after physically inspecting the rig (see doc)"
1,41.175,0.035687,heating,false,"discarded: oscillation artifact (~4.4% rel. stdev), matching a previously documented marginal-connection signature; cleared after physically inspecting the rig (see doc)"
1,42.176,0.033987,heating,false,"discarded: oscillation artifact (~4.4% rel. stdev), matching a previously documented marginal-connection signature; cleared after physically inspecting the rig (see doc)"
1,43.176,0.034651,heating,false,"discarded: oscillation artifact (~4.4% rel. stdev), matching a previously documented marginal-connection signature; cleared after physically inspecting the rig (see doc)"
1,44.176,0.036677,heating,false,"discarded: oscillation artifact (~4.4% rel. stdev), matching a previously documented marginal-connection signature; cleared after physically inspecting the rig (see doc)"
1,45.177,0.03805,heating,false,"discarded: oscillation artifact (~4.4% rel. stdev), matching a previously documented marginal-connection signature; cleared after physically inspecting the rig (see doc)"
1,46.176,0.038297,heating,false,"discarded: oscillation artifact (~4.4% rel. stdev), matching a previously documented marginal-connection signature; cleared after physically inspecting the rig (see doc)"
1,47.176,0.036914,heating,false,"discarded: oscillation artifact (~4.4% rel. stdev), matching a previously documented marginal-connection signature; cleared after physically inspecting the rig (see doc)"
1,48.176,0.034642,heating,false,"discarded: oscillation artifact (~4.4% rel. stdev), matching a previously documented marginal-connection signature; cleared after physically inspecting the rig (see doc)"
1,49.177,0.033949,heating,false,"discarded: oscillation artifact (~4.4% rel. stdev), matching a previously documented marginal-connection signature; cleared after physically inspecting the rig (see doc)"
1,50.177,0.035278,heating,false,"discarded: oscillation artifact (~4.4% rel. stdev), matching a previously documented marginal-connection signature; cleared after physically inspecting the rig (see doc)"
1,51.176,0.037162,heating,false,"discarded: oscillation artifact (~4.4% rel. stdev), matching a previously documented marginal-connection signature; cleared after physically inspecting the rig (see doc)"
1,52.176,0.038213,heating,false,"discarded: oscillation artifact (~4.4% rel. stdev), matching a previously documented marginal-connection signature; cleared after physically inspecting the rig (see doc)"
1,53.177,0.038054,heating,false,"discarded: oscillation artifact (~4.4% rel. stdev), matching a previously documented marginal-connection signature; cleared after physically inspecting the rig (see doc)"
1,54.177,0.036217,heating,false,"discarded: oscillation artifact (~4.4% rel. stdev), matching a previously documented marginal-connection signature; cleared after physically inspecting the rig (see doc)"
1,55.177,0.034119,heating,false,"discarded: oscillation artifact (~4.4% rel. stdev), matching a previously documented marginal-connection signature; cleared after physically inspecting the rig (see doc)"
1,56.176,0.034029,heating,false,"discarded: oscillation artifact (~4.4% rel. stdev), matching a previously documented marginal-connection signature; cleared after physically inspecting the rig (see doc)"
1,57.177,0.035567,heating,false,"discarded: oscillation artifact (~4.4% rel. stdev), matching a previously documented marginal-connection signature; cleared after physically inspecting the rig (see doc)"
1,58.177,0.037325,heating,false,"discarded: oscillation artifact (~4.4% rel. stdev), matching a previously documented marginal-connection signature; cleared after physically inspecting the rig (see doc)"
1,59.177,0.038176,heating,false,"discarded: oscillation artifact (~4.4% rel. stdev), matching a previously documented marginal-connection signature; cleared after physically inspecting the rig (see doc)"
1,60.177,0.038051,heating,false,"discarded: oscillation artifact (~4.4% rel. stdev), matching a previously documented marginal-connection signature; cleared after physically inspecting the rig (see doc)"
1,61.177,0.03643,heating,false,"discarded: oscillation artifact (~4.4% rel. stdev), matching a previously documented marginal-connection signature; cleared after physically inspecting the rig (see doc)"
1,62.176,0.034344,heating,false,"discarded: oscillation artifact (~4.4% rel. stdev), matching a previously documented marginal-connection signature; cleared after physically inspecting the rig (see doc)"
1,63.177,0.03389,heating,false,"discarded: oscillation artifact (~4.4% rel. stdev), matching a previously documented marginal-connection signature; cleared after physically inspecting the rig (see doc)"
1,64.177,0.035374,heating,false,"discarded: oscillation artifact (~4.4% rel. stdev), matching a previously documented marginal-connection signature; cleared after physically inspecting the rig (see doc)"
1,65.178,0.037269,heating,false,"discarded: oscillation artifact (~4.4% rel. stdev), matching a previously documented marginal-connection signature; cleared after physically inspecting the rig (see doc)"
1,66.178,0.03817,heating,false,"discarded: oscillation artifact (~4.4% rel. stdev), matching a previously documented marginal-connection signature; cleared after physically inspecting the rig (see doc)"
1,67.177,0.037734,heating,false,"discarded: oscillation artifact (~4.4% rel. stdev), matching a previously documented marginal-connection signature; cleared after physically inspecting the rig (see doc)"
1,68.177,0.035452,heating,false,"discarded: oscillation artifact (~4.4% rel. stdev), matching a previously documented marginal-connection signature; cleared after physically inspecting the rig (see doc)"
1,69.178,0.033819,heating,false,"discarded: oscillation artifact (~4.4% rel. stdev), matching a previously documented marginal-connection signature; cleared after physically inspecting the rig (see doc)"
1,70.178,0.034798,heating,false,"discarded: oscillation artifact (~4.4% rel. stdev), matching a previously documented marginal-connection signature; cleared after physically inspecting the rig (see doc)"
1,71.178,0.036955,heating,false,"discarded: oscillation artifact (~4.4% rel. stdev), matching a previously documented marginal-connection signature; cleared after physically inspecting the rig (see doc)"
1,72.177,0.03812,heating,false,"discarded: oscillation artifact (~4.4% rel. stdev), matching a previously documented marginal-connection signature; cleared after physically inspecting the rig (see doc)"
1,73.178,0.037368,heating,false,"discarded: oscillation artifact (~4.4% rel. stdev), matching a previously documented marginal-connection signature; cleared after physically inspecting the rig (see doc)"
1,74.178,0.034673,heating,false,"discarded: oscillation artifact (~4.4% rel. stdev), matching a previously documented marginal-connection signature; cleared after physically inspecting the rig (see doc)"
1,75.178,0.034016,heating,false,"discarded: oscillation artifact (~4.4% rel. stdev), matching a previously documented marginal-connection signature; cleared after physically inspecting the rig (see doc)"
1,76.178,0.036046,heating,false,"discarded: oscillation artifact (~4.4% rel. stdev), matching a previously documented marginal-connection signature; cleared after physically inspecting the rig (see doc)"
1,77.179,0.037867,heating,false,"discarded: oscillation artifact (~4.4% rel. stdev), matching a previously documented marginal-connection signature; cleared after physically inspecting the rig (see doc)"
1,78.178,0.038078,heating,false,"discarded: oscillation artifact (~4.4% rel. stdev), matching a previously documented marginal-connection signature; cleared after physically inspecting the rig (see doc)"
1,79.178,0.036054,heating,false,"discarded: oscillation artifact (~4.4% rel. stdev), matching a previously documented marginal-connection signature; cleared after physically inspecting the rig (see doc)"
1,80.178,0.033953,heating,false,"discarded: oscillation artifact (~4.4% rel. stdev), matching a previously documented marginal-connection signature; cleared after physically inspecting the rig (see doc)"
1,81.179,0.034404,heating,false,"discarded: oscillation artifact (~4.4% rel. stdev), matching a previously documented marginal-connection signature; cleared after physically inspecting the rig (see doc)"
1,82.179,0.036485,heating,false,"discarded: oscillation artifact (~4.4% rel. stdev), matching a previously documented marginal-connection signature; cleared after physically inspecting the rig (see doc)"
1,83.178,0.037947,heating,false,"discarded: oscillation artifact (~4.4% rel. stdev), matching a previously documented marginal-connection signature; cleared after physically inspecting the rig (see doc)"
1,84.178,0.037878,heating,false,"discarded: oscillation artifact (~4.4% rel. stdev), matching a previously documented marginal-connection signature; cleared after physically inspecting the rig (see doc)"
1,85.179,0.035759,heating,false,"discarded: oscillation artifact (~4.4% rel. stdev), matching a previously documented marginal-connection signature; cleared after physically inspecting the rig (see doc)"
1,86.179,0.033841,heating,false,"discarded: oscillation artifact (~4.4% rel. stdev), matching a previously documented marginal-connection signature; cleared after physically inspecting the rig (see doc)"
1,87.179,0.034488,heating,false,"discarded: oscillation artifact (~4.4% rel. stdev), matching a previously documented marginal-connection signature; cleared after physically inspecting the rig (see doc)"
1,88.178,0.03662,heating,false,"discarded: oscillation artifact (~4.4% rel. stdev), matching a previously documented marginal-connection signature; cleared after physically inspecting the rig (see doc)"
1,89.179,0.037918,heating,false,"discarded: oscillation artifact (~4.4% rel. stdev), matching a previously documented marginal-connection signature; cleared after physically inspecting the rig (see doc)"
1,90.179,0.037908,heating,false,"discarded: oscillation artifact (~4.4% rel. stdev), matching a previously documented marginal-connection signature; cleared after physically inspecting the rig (see doc)"
1,91.179,0.035874,heating,false,"discarded: oscillation artifact (~4.4% rel. stdev), matching a previously documented marginal-connection signature; cleared after physically inspecting the rig (see doc)"
1,92.179,0.033872,heating,false,"discarded: oscillation artifact (~4.4% rel. stdev), matching a previously documented marginal-connection signature; cleared after physically inspecting the rig (see doc)"
1,93.18,0.034292,heating,false,"discarded: oscillation artifact (~4.4% rel. stdev), matching a previously documented marginal-connection signature; cleared after physically inspecting the rig (see doc)"
1,94.179,0.036345,heating,false,"discarded: oscillation artifact (~4.4% rel. stdev), matching a previously documented marginal-connection signature; cleared after physically inspecting the rig (see doc)"
1,95.179,0.037889,heating,false,"discarded: oscillation artifact (~4.4% rel. stdev), matching a previously documented marginal-connection signature; cleared after physically inspecting the rig (see doc)"
1,96.179,0.037956,heating,false,"discarded: oscillation artifact (~4.4% rel. stdev), matching a previously documented marginal-connection signature; cleared after physically inspecting the rig (see doc)"
1,97.18,0.035956,heating,false,"discarded: oscillation artifact (~4.4% rel. stdev), matching a previously documented marginal-connection signature; cleared after physically inspecting the rig (see doc)"
1,98.18,0.033859,heating,false,"discarded: oscillation artifact (~4.4% rel. stdev), matching a previously documented marginal-connection signature; cleared after physically inspecting the rig (see doc)"
1,99.179,0.034434,heating,false,"discarded: oscillation artifact (~4.4% rel. stdev), matching a previously documented marginal-connection signature; cleared after physically inspecting the rig (see doc)"
1,100.179,0.036621,heating,false,"discarded: oscillation artifact (~4.4% rel. stdev), matching a previously documented marginal-connection signature; cleared after physically inspecting the rig (see doc)"
1,101.18,0.037958,heating,false,"discarded: oscillation artifact (~4.4% rel. stdev), matching a previously documented marginal-connection signature; cleared after physically inspecting the rig (see doc)"
1,102.18,0.03758,heating,false,"discarded: oscillation artifact (~4.4% rel. stdev), matching a previously documented marginal-connection signature; cleared after physically inspecting the rig (see doc)"
1,103.18,0.035111,heating,false,"discarded: oscillation artifact (~4.4% rel. stdev), matching a previously documented marginal-connection signature; cleared after physically inspecting the rig (see doc)"
1,104.179,0.033722,heating,false,"discarded: oscillation artifact (~4.4% rel. stdev), matching a previously documented marginal-connection signature; cleared after physically inspecting the rig (see doc)"
1,105.179,0.035129,heating,false,"discarded: oscillation artifact (~4.4% rel. stdev), matching a previously documented marginal-connection signature; cleared after physically inspecting the rig (see doc)"
1,106.18,0.037205,heating,false,"discarded: oscillation artifact (~4.4% rel. stdev), matching a previously documented marginal-connection signature; cleared after physically inspecting the rig (see doc)"
1,107.18,0.038033,heating,false,"discarded: oscillation artifact (~4.4% rel. stdev), matching a previously documented marginal-connection signature; cleared after physically inspecting the rig (see doc)"
1,108.18,0.037017,heating,false,"discarded: oscillation artifact (~4.4% rel. stdev), matching a previously documented marginal-connection signature; cleared after physically inspecting the rig (see doc)"
1,109.181,0.034439,heating,false,"discarded: oscillation artifact (~4.4% rel. stdev), matching a previously documented marginal-connection signature; cleared after physically inspecting the rig (see doc)"
1,110.18,0.033712,heating,false,"discarded: oscillation artifact (~4.4% rel. stdev), matching a previously documented marginal-connection signature; cleared after physically inspecting the rig (see doc)"
1,111.18,0.03531,heating,false,"discarded: oscillation artifact (~4.4% rel. stdev), matching a previously documented marginal-connection signature; cleared after physically inspecting the rig (see doc)"
1,112.18,0.037215,heating,false,"discarded: oscillation artifact (~4.4% rel. stdev), matching a previously documented marginal-connection signature; cleared after physically inspecting the rig (see doc)"
1,113.181,0.037992,heating,false,"discarded: oscillation artifact (~4.4% rel. stdev), matching a previously documented marginal-connection signature; cleared after physically inspecting the rig (see doc)"
1,114.181,0.037427,heating,false,"discarded: oscillation artifact (~4.4% rel. stdev), matching a previously documented marginal-connection signature; cleared after physically inspecting the rig (see doc)"
1,115.18,0.035055,heating,false,"discarded: oscillation artifact (~4.4% rel. stdev), matching a previously documented marginal-connection signature; cleared after physically inspecting the rig (see doc)"
1,116.18,0.033627,heating,false,"discarded: oscillation artifact (~4.4% rel. stdev), matching a previously documented marginal-connection signature; cleared after physically inspecting the rig (see doc)"
1,117.181,0.034543,heating,false,"discarded: oscillation artifact (~4.4% rel. stdev), matching a previously documented marginal-connection signature; cleared after physically inspecting the rig (see doc)"
1,118.181,0.036574,heating,false,"discarded: oscillation artifact (~4.4% rel. stdev), matching a previously documented marginal-connection signature; cleared after physically inspecting the rig (see doc)"
1,119.181,0.037791,heating,false,"discarded: oscillation artifact (~4.4% rel. stdev), matching a previously documented marginal-connection signature; cleared after physically inspecting the rig (see doc)"
1,120.182,0.037895,heating,false,"discarded: oscillation artifact (~4.4% rel. stdev), matching a previously documented marginal-connection signature; cleared after physically inspecting the rig (see doc)"
1,121.181,0.036188,heating,false,"discarded: oscillation artifact (~4.4% rel. stdev), matching a previously documented marginal-connection signature; cleared after physically inspecting the rig (see doc)"
1,122.181,0.033972,heating,false,"discarded: oscillation artifact (~4.4% rel. stdev), matching a previously documented marginal-connection signature; cleared after physically inspecting the rig (see doc)"
1,123.181,0.033934,heating,false,"discarded: oscillation artifact (~4.4% rel. stdev), matching a previously documented marginal-connection signature; cleared after physically inspecting the rig (see doc)"
1,124.181,0.035858,heating,false,"discarded: oscillation artifact (~4.4% rel. stdev), matching a previously documented marginal-connection signature; cleared after physically inspecting the rig (see doc)"
1,125.182,0.037584,heating,false,"discarded: oscillation artifact (~4.4% rel. stdev), matching a previously documented marginal-connection signature; cleared after physically inspecting the rig (see doc)"
1,126.181,0.037935,heating,false,"discarded: oscillation artifact (~4.4% rel. stdev), matching a previously documented marginal-connection signature; cleared after physically inspecting the rig (see doc)"
1,127.181,0.036379,heating,false,"discarded: oscillation artifact (~4.4% rel. stdev), matching a previously documented marginal-connection signature; cleared after physically inspecting the rig (see doc)"
1,128.181,0.034037,heating,false,"discarded: oscillation artifact (~4.4% rel. stdev), matching a previously documented marginal-connection signature; cleared after physically inspecting the rig (see doc)"
1,129.182,0.034007,heating,false,"discarded: oscillation artifact (~4.4% rel. stdev), matching a previously documented marginal-connection signature; cleared after physically inspecting the rig (see doc)"
1,130.182,0.03603,heating,false,"discarded: oscillation artifact (~4.4% rel. stdev), matching a previously documented marginal-connection signature; cleared after physically inspecting the rig (see doc)"
1,131.181,0.037843,heating,false,"discarded: oscillation artifact (~4.4% rel. stdev), matching a previously documented marginal-connection signature; cleared after physically inspecting the rig (see doc)"
1,132.181,0.037986,heating,false,"discarded: oscillation artifact (~4.4% rel. stdev), matching a previously documented marginal-connection signature; cleared after physically inspecting the rig (see doc)"
1,133.182,0.024419,heating,false,"discarded: oscillation artifact (~4.4% rel. stdev), matching a previously documented marginal-connection signature; cleared after physically inspecting the rig (see doc)"
1,453.202,0.027824,hot,false,"discarded: oscillation artifact (~4.4% rel. stdev), matching a previously documented marginal-connection signature; cleared after physically inspecting the rig (see doc)"
1,454.202,0.035977,hot,false,"discarded: oscillation artifact (~4.4% rel. stdev), matching a previously documented marginal-connection signature; cleared after physically inspecting the rig (see doc)"
1,455.203,0.034905,hot,false,"discarded: oscillation artifact (~4.4% rel. stdev), matching a previously documented marginal-connection signature; cleared after physically inspecting the rig (see doc)"
1,456.203,0.034245,hot,false,"discarded: oscillation artifact (~4.4% rel. stdev), matching a previously documented marginal-connection signature; cleared after physically inspecting the rig (see doc)"
1,457.203,0.034289,hot,false,"discarded: oscillation artifact (~4.4% rel. stdev), matching a previously documented marginal-connection signature; cleared after physically inspecting the rig (see doc)"
1,458.202,0.035067,hot,false,"discarded: oscillation artifact (~4.4% rel. stdev), matching a previously documented marginal-connection signature; cleared after physically inspecting the rig (see doc)"
1,459.203,0.03641,hot,false,"discarded: oscillation artifact (~4.4% rel. stdev), matching a previously documented marginal-connection signature; cleared after physically inspecting the rig (see doc)"
1,460.203,0.037811,hot,false,"discarded: oscillation artifact (~4.4% rel. stdev), matching a previously documented marginal-connection signature; cleared after physically inspecting the rig (see doc)"
1,461.203,0.038585,hot,false,"discarded: oscillation artifact (~4.4% rel. stdev), matching a previously documented marginal-connection signature; cleared after physically inspecting the rig (see doc)"
1,462.203,0.038639,hot,false,"discarded: oscillation artifact (~4.4% rel. stdev), matching a previously documented marginal-connection signature; cleared after physically inspecting the rig (see doc)"
1,463.203,0.038398,hot,false,"discarded: oscillation artifact (~4.4% rel. stdev), matching a previously documented marginal-connection signature; cleared after physically inspecting the rig (see doc)"
1,464.203,0.037277,hot,false,"discarded: oscillation artifact (~4.4% rel. stdev), matching a previously documented marginal-connection signature; cleared after physically inspecting the rig (see doc)"
1,465.203,0.035721,hot,false,"discarded: oscillation artifact (~4.4% rel. stdev), matching a previously documented marginal-connection signature; cleared after physically inspecting the rig (see doc)"
1,466.203,0.034575,hot,false,"discarded: oscillation artifact (~4.4% rel. stdev), matching a previously documented marginal-connection signature; cleared after physically inspecting the rig (see doc)"
1,467.204,0.034493,hot,false,"discarded: oscillation artifact (~4.4% rel. stdev), matching a previously documented marginal-connection signature; cleared after physically inspecting the rig (see doc)"
1,468.203,0.035805,hot,false,"discarded: oscillation artifact (~4.4% rel. stdev), matching a previously documented marginal-connection signature; cleared after physically inspecting the rig (see doc)"
1,469.203,0.037918,hot,false,"discarded: oscillation artifact (~4.4% rel. stdev), matching a previously documented marginal-connection signature; cleared after physically inspecting the rig (see doc)"
1,470.203,0.038762,hot,false,"discarded: oscillation artifact (~4.4% rel. stdev), matching a previously documented marginal-connection signature; cleared after physically inspecting the rig (see doc)"
1,471.204,0.038218,hot,false,"discarded: oscillation artifact (~4.4% rel. stdev), matching a previously documented marginal-connection signature; cleared after physically inspecting the rig (see doc)"
1,472.204,0.03651,hot,false,"discarded: oscillation artifact (~4.4% rel. stdev), matching a previously documented marginal-connection signature; cleared after physically inspecting the rig (see doc)"
1,473.204,0.034498,hot,false,"discarded: oscillation artifact (~4.4% rel. stdev), matching a previously documented marginal-connection signature; cleared after physically inspecting the rig (see doc)"
1,474.203,0.034678,hot,false,"discarded: oscillation artifact (~4.4% rel. stdev), matching a previously documented marginal-connection signature; cleared after physically inspecting the rig (see doc)"
1,475.204,0.03703,hot,false,"discarded: oscillation artifact (~4.4% rel. stdev), matching a previously documented marginal-connection signature; cleared after physically inspecting the rig (see doc)"
1,476.204,0.038597,hot,false,"discarded: oscillation artifact (~4.4% rel. stdev), matching a previously documented marginal-connection signature; cleared after physically inspecting the rig (see doc)"
1,477.204,0.038139,hot,false,"discarded: oscillation artifact (~4.4% rel. stdev), matching a previously documented marginal-connection signature; cleared after physically inspecting the rig (see doc)"
1,478.205,0.036215,hot,false,"discarded: oscillation artifact (~4.4% rel. stdev), matching a previously documented marginal-connection signature; cleared after physically inspecting the rig (see doc)"
1,479.204,0.034397,hot,false,"discarded: oscillation artifact (~4.4% rel. stdev), matching a previously documented marginal-connection signature; cleared after physically inspecting the rig (see doc)"
1,480.204,0.035246,hot,false,"discarded: oscillation artifact (~4.4% rel. stdev), matching a previously documented marginal-connection signature; cleared after physically inspecting the rig (see doc)"
1,481.204,0.037902,hot,false,"discarded: oscillation artifact (~4.4% rel. stdev), matching a previously documented marginal-connection signature; cleared after physically inspecting the rig (see doc)"
1,482.205,0.038632,hot,false,"discarded: oscillation artifact (~4.4% rel. stdev), matching a previously documented marginal-connection signature; cleared after physically inspecting the rig (see doc)"
1,483.205,0.037415,hot,false,"discarded: oscillation artifact (~4.4% rel. stdev), matching a previously documented marginal-connection signature; cleared after physically inspecting the rig (see doc)"
1,484.204,0.034644,hot,false,"discarded: oscillation artifact (~4.4% rel. stdev), matching a previously documented marginal-connection signature; cleared after physically inspecting the rig (see doc)"
1,485.204,0.005581,hot,false,"discarded: oscillation artifact (~4.4% rel. stdev), matching a previously documented marginal-connection signature; cleared after physically inspecting the rig (see doc)"
2,23.175,0.027878,cold,false,"switch-on transitional sample (partial RMS window), excluded"
2,24.174,0.03673,cold,true,
2,25.174,0.036133,cold,true,
2,26.174,0.036868,cold,true,
2,27.175,0.036512,cold,true,
2,28.175,0.03628,cold,true,
2,29.176,0.037028,cold,true,
2,30.175,0.036309,cold,true,
2,31.175,0.036572,cold,true,
2,32.175,0.03697,heating,false,"first-cycle heating ramp, not used (only cold window and hot plateau are used)"
2,33.176,0.036206,heating,false,"first-cycle heating ramp, not used (only cold window and hot plateau are used)"
2,34.176,0.036781,heating,false,"first-cycle heating ramp, not used (only cold window and hot plateau are used)"
2,35.175,0.036721,heating,false,"first-cycle heating ramp, not used (only cold window and hot plateau are used)"
2,36.175,0.036224,heating,false,"first-cycle heating ramp, not used (only cold window and hot plateau are used)"
2,37.175,0.036942,heating,false,"first-cycle heating ramp, not used (only cold window and hot plateau are used)"
2,38.176,0.036355,heating,false,"first-cycle heating ramp, not used (only cold window and hot plateau are used)"
2,39.176,0.036392,heating,false,"first-cycle heating ramp, not used (only cold window and hot plateau are used)"
2,40.175,0.036956,heating,false,"first-cycle heating ramp, not used (only cold window and hot plateau are used)"
2,41.175,0.036264,heating,false,"first-cycle heating ramp, not used (only cold window and hot plateau are used)"
2,42.176,0.036602,heating,false,"first-cycle heating ramp, not used (only cold window and hot plateau are used)"
2,43.176,0.03691,heating,false,"first-cycle heating ramp, not used (only cold window and hot plateau are used)"
2,44.176,0.036131,heating,false,"first-cycle heating ramp, not used (only cold window and hot plateau are used)"
2,45.176,0.036694,heating,false,"first-cycle heating ramp, not used (only cold window and hot plateau are used)"
2,46.176,0.036675,heating,false,"first-cycle heating ramp, not used (only cold window and hot plateau are used)"
2,47.176,0.036165,heating,false,"first-cycle heating ramp, not used (only cold window and hot plateau are used)"
2,48.176,0.036827,heating,false,"first-cycle heating ramp, not used (only cold window and hot plateau are used)"
2,49.176,0.036488,heating,false,"first-cycle heating ramp, not used (only cold window and hot plateau are used)"
2,50.177,0.0362,heating,false,"first-cycle heating ramp, not used (only cold window and hot plateau are used)"
2,51.176,0.03691,heating,false,"first-cycle heating ramp, not used (only cold window and hot plateau are used)"
2,52.176,0.03635,heating,false,"first-cycle heating ramp, not used (only cold window and hot plateau are used)"
2,53.176,0.036255,heating,false,"first-cycle heating ramp, not used (only cold window and hot plateau are used)"
2,54.176,0.036853,heating,false,"first-cycle heating ramp, not used (only cold window and hot plateau are used)"
2,55.177,0.036154,heating,false,"first-cycle heating ramp, not used (only cold window and hot plateau are used)"
2,56.175,0.036406,heating,false,"first-cycle heating ramp, not used (only cold window and hot plateau are used)"
2,57.176,0.036792,heating,false,"first-cycle heating ramp, not used (only cold window and hot plateau are used)"
2,58.176,0.036003,heating,false,"first-cycle heating ramp, not used (only cold window and hot plateau are used)"
2,59.177,0.036677,heating,false,"first-cycle heating ramp, not used (only cold window and hot plateau are used)"
2,60.177,0.036468,heating,false,"first-cycle heating ramp, not used (only cold window and hot plateau are used)"
2,61.177,0.036082,heating,false,"first-cycle heating ramp, not used (only cold window and hot plateau are used)"
2,62.176,0.036865,heating,false,"first-cycle heating ramp, not used (only cold window and hot plateau are used)"
2,63.177,0.036006,heating,false,"first-cycle heating ramp, not used (only cold window and hot plateau are used)"
2,64.177,0.036637,heating,false,"first-cycle heating ramp, not used (only cold window and hot plateau are used)"
2,65.177,0.036345,heating,false,"first-cycle heating ramp, not used (only cold window and hot plateau are used)"
2,66.177,0.036318,heating,false,"first-cycle heating ramp, not used (only cold window and hot plateau are used)"
2,67.176,0.036321,heating,false,"first-cycle heating ramp, not used (only cold window and hot plateau are used)"
2,68.177,0.036387,heating,false,"first-cycle heating ramp, not used (only cold window and hot plateau are used)"
2,69.177,0.036425,heating,false,"first-cycle heating ramp, not used (only cold window and hot plateau are used)"
2,70.177,0.036366,heating,false,"first-cycle heating ramp, not used (only cold window and hot plateau are used)"
2,71.178,0.036336,heating,false,"first-cycle heating ramp, not used (only cold window and hot plateau are used)"
2,72.177,0.036619,heating,false,"first-cycle heating ramp, not used (only cold window and hot plateau are used)"
2,73.177,0.03602,heating,false,"first-cycle heating ramp, not used (only cold window and hot plateau are used)"
2,74.177,0.036318,heating,false,"first-cycle heating ramp, not used (only cold window and hot plateau are used)"
2,75.177,0.036725,heating,false,"first-cycle heating ramp, not used (only cold window and hot plateau are used)"
2,76.178,0.036164,heating,false,"first-cycle heating ramp, not used (only cold window and hot plateau are used)"
2,77.178,0.036137,heating,false,"first-cycle heating ramp, not used (only cold window and hot plateau are used)"
2,78.177,0.036643,heating,false,"first-cycle heating ramp, not used (only cold window and hot plateau are used)"
2,79.177,0.036407,heating,false,"first-cycle heating ramp, not used (only cold window and hot plateau are used)"
2,80.178,0.035946,heating,false,"first-cycle heating ramp, not used (only cold window and hot plateau are used)"
2,81.178,0.036407,heating,false,"first-cycle heating ramp, not used (only cold window and hot plateau are used)"
2,82.178,0.036565,heating,false,"first-cycle heating ramp, not used (only cold window and hot plateau are used)"
2,83.177,0.036013,heating,false,"first-cycle heating ramp, not used (only cold window and hot plateau are used)"
2,84.178,0.036188,heating,false,"first-cycle heating ramp, not used (only cold window and hot plateau are used)"
2,85.178,0.036611,heating,false,"first-cycle heating ramp, not used (only cold window and hot plateau are used)"
2,86.178,0.036241,heating,false,"first-cycle heating ramp, not used (only cold window and hot plateau are used)"
2,87.178,0.035957,heating,false,"first-cycle heating ramp, not used (only cold window and hot plateau are used)"
2,88.177,0.036399,heating,false,"first-cycle heating ramp, not used (only cold window and hot plateau are used)"
2,89.178,0.036559,heating,false,"first-cycle heating ramp, not used (only cold window and hot plateau are used)"
2,90.178,0.035995,heating,false,"first-cycle heating ramp, not used (only cold window and hot plateau are used)"
2,91.178,0.036123,heating,false,"first-cycle heating ramp, not used (only cold window and hot plateau are used)"
2,92.179,0.036601,heating,false,"first-cycle heating ramp, not used (only cold window and hot plateau are used)"
2,93.179,0.036187,heating,false,"first-cycle heating ramp, not used (only cold window and hot plateau are used)"
2,94.178,0.035959,heating,false,"first-cycle heating ramp, not used (only cold window and hot plateau are used)"
2,95.178,0.03643,heating,false,"first-cycle heating ramp, not used (only cold window and hot plateau are used)"
2,96.178,0.036417,heating,false,"first-cycle heating ramp, not used (only cold window and hot plateau are used)"
2,97.179,0.035913,heating,false,"first-cycle heating ramp, not used (only cold window and hot plateau are used)"
2,98.179,0.036173,heating,false,"first-cycle heating ramp, not used (only cold window and hot plateau are used)"
2,99.178,0.036551,heating,false,"first-cycle heating ramp, not used (only cold window and hot plateau are used)"
2,100.178,0.03595,heating,false,"first-cycle heating ramp, not used (only cold window and hot plateau are used)"
2,101.179,0.036039,heating,false,"first-cycle heating ramp, not used (only cold window and hot plateau are used)"
2,102.179,0.036544,heating,false,"first-cycle heating ramp, not used (only cold window and hot plateau are used)"
2,103.179,0.036047,heating,false,"first-cycle heating ramp, not used (only cold window and hot plateau are used)"
2,104.178,0.035902,heating,false,"first-cycle heating ramp, not used (only cold window and hot plateau are used)"
2,105.178,0.036456,heating,false,"first-cycle heating ramp, not used (only cold window and hot plateau are used)"
2,106.179,0.03623,heating,false,"first-cycle heating ramp, not used (only cold window and hot plateau are used)"
2,107.179,0.035863,heating,false,"first-cycle heating ramp, not used (only cold window and hot plateau are used)"
2,108.179,0.036225,heating,false,"first-cycle heating ramp, not used (only cold window and hot plateau are used)"
2,109.18,0.036454,heating,false,"first-cycle heating ramp, not used (only cold window and hot plateau are used)"
2,110.179,0.035864,heating,false,"first-cycle heating ramp, not used (only cold window and hot plateau are used)"
2,111.179,0.035961,heating,false,"first-cycle heating ramp, not used (only cold window and hot plateau are used)"
2,112.179,0.036459,heating,false,"first-cycle heating ramp, not used (only cold window and hot plateau are used)"
2,113.18,0.036176,heating,false,"first-cycle heating ramp, not used (only cold window and hot plateau are used)"
2,114.18,0.035885,heating,false,"first-cycle heating ramp, not used (only cold window and hot plateau are used)"
2,115.179,0.036165,heating,false,"first-cycle heating ramp, not used (only cold window and hot plateau are used)"
2,116.179,0.036445,heating,false,"first-cycle heating ramp, not used (only cold window and hot plateau are used)"
2,117.179,0.03604,heating,false,"first-cycle heating ramp, not used (only cold window and hot plateau are used)"
2,118.18,0.035859,heating,false,"first-cycle heating ramp, not used (only cold window and hot plateau are used)"
2,119.18,0.036156,heating,false,"first-cycle heating ramp, not used (only cold window and hot plateau are used)"
2,120.18,0.03635,heating,false,"first-cycle heating ramp, not used (only cold window and hot plateau are used)"
2,121.179,0.03599,heating,false,"first-cycle heating ramp, not used (only cold window and hot plateau are used)"
2,122.179,0.035816,heating,false,"first-cycle heating ramp, not used (only cold window and hot plateau are used)"
2,123.18,0.036174,heating,false,"first-cycle heating ramp, not used (only cold window and hot plateau are used)"
2,124.18,0.0364,heating,false,"first-cycle heating ramp, not used (only cold window and hot plateau are used)"
2,125.18,0.035993,heating,false,"first-cycle heating ramp, not used (only cold window and hot plateau are used)"
2,126.179,0.035754,heating,false,"first-cycle heating ramp, not used (only cold window and hot plateau are used)"
2,127.179,0.036081,heating,false,"first-cycle heating ramp, not used (only cold window and hot plateau are used)"
2,128.18,0.036331,heating,false,"first-cycle heating ramp, not used (only cold window and hot plateau are used)"
2,129.18,0.035872,heating,false,"first-cycle heating ramp, not used (only cold window and hot plateau are used)"
2,130.181,0.035716,heating,false,"first-cycle heating ramp, not used (only cold window and hot plateau are used)"
2,131.18,0.036207,heating,false,"first-cycle heating ramp, not used (only cold window and hot plateau are used)"
2,132.18,0.036224,heating,false,"first-cycle heating ramp, not used (only cold window and hot plateau are used)"
2,133.18,0.035798,heating,false,"first-cycle heating ramp, not used (only cold window and hot plateau are used)"
2,134.181,0.035862,heating,false,"first-cycle heating ramp, not used (only cold window and hot plateau are used)"
2,135.181,0.036319,heating,false,"first-cycle heating ramp, not used (only cold window and hot plateau are used)"
2,136.181,0.036171,heating,false,"first-cycle heating ramp, not used (only cold window and hot plateau are used)"
2,137.18,0.03575,heating,false,"first-cycle heating ramp, not used (only cold window and hot plateau are used)"
2,138.18,0.035915,heating,false,"first-cycle heating ramp, not used (only cold window and hot plateau are used)"
2,139.181,0.036357,heating,false,"first-cycle heating ramp, not used (only cold window and hot plateau are used)"
2,140.181,0.036019,heating,false,"first-cycle heating ramp, not used (only cold window and hot plateau are used)"
2,141.181,0.035696,heating,false,"first-cycle heating ramp, not used (only cold window and hot plateau are used)"
2,142.18,0.036047,heating,false,"first-cycle heating ramp, not used (only cold window and hot plateau are used)"
2,143.181,0.036285,heating,false,"first-cycle heating ramp, not used (only cold window and hot plateau are used)"
2,144.181,0.035808,heating,false,"first-cycle heating ramp, not used (only cold window and hot plateau are used)"
2,145.181,0.035764,heating,false,"first-cycle heating ramp, not used (only cold window and hot plateau are used)"
2,146.181,0.036195,heating,false,"first-cycle heating ramp, not used (only cold window and hot plateau are used)"
2,147.18,0.036149,heating,false,"first-cycle heating ramp, not used (only cold window and hot plateau are used)"
2,148.181,0.033109,heating,false,"first-cycle heating ramp, not used (only cold window and hot plateau are used)"
2,472.198,0.007481,hot,false,"on-transition ramp-in, excluded"
2,473.198,0.012838,hot,false,"on-transition ramp-in, excluded"
2,474.197,0.031424,hot,false,"on-transition ramp-in, excluded"
2,475.198,0.036908,hot,true,
2,476.198,0.036135,hot,true,
2,477.198,0.036949,hot,true,
2,478.199,0.036399,hot,true,
2,479.198,0.036499,hot,true,
2,480.198,0.036922,hot,true,
2,481.198,0.036163,hot,true,
2,482.198,0.036781,hot,true,
2,483.199,0.036558,hot,true,
2,484.198,0.036185,hot,true,
2,485.198,0.036893,hot,true,
2,486.198,0.036175,hot,true,
2,487.199,0.036413,hot,true,
2,488.199,0.036759,hot,true,
2,489.199,0.036007,hot,true,
2,490.198,0.0366,hot,true,
2,491.199,0.036517,hot,true,
2,492.199,0.036073,hot,true,
2,493.199,0.036801,hot,true,
2,494.199,0.036189,hot,true,
2,495.198,0.036179,hot,true,
2,496.199,0.036761,hot,true,
2,497.199,0.035981,hot,true,
2,498.199,0.03647,hot,true,
2,499.2,0.036494,hot,true,
2,500.199,0.03592,hot,true,
2,501.199,0.036658,hot,true,
2,502.199,0.036079,hot,true,
2,503.199,0.036064,hot,true,
2,504.2,0.036666,hot,true,
2,505.2,0.035846,hot,true,
2,506.199,0.024846,hot,false,"cutoff transitional sample, excluded"
