iso_time,t_s,voltage_v,current_a,power_w,energy_kwh,raw_dps
2026-08-27T21:04:34.290,0.0,240.9,0.0,0.0,,"{""1"":true,""9"":0,""18"":0,""19"":0,""20"":2409,""21"":1,""22"":564,""23"":26748,""24"":14621,""25"":2840,""26"":0,""38"":""memory"",""41"":false,""44"":""""}"
2026-08-27T21:04:35.313,1.005,240.9,0.0,0.0,,"{""1"":true,""9"":0,""18"":0,""19"":0,""20"":2409,""21"":1,""22"":564,""23"":26748,""24"":14621,""25"":2840,""26"":0,""38"":""memory"",""41"":false,""44"":""""}"
2026-08-27T21:04:36.261,2.01,240.9,0.0,0.0,,"{""1"":true,""9"":0,""18"":0,""19"":0,""20"":2409,""21"":1,""22"":564,""23"":26748,""24"":14621,""25"":2840,""26"":0,""38"":""memory"",""41"":false,""44"":""""}"
2026-08-27T21:04:37.263,3.015,240.9,0.0,0.0,,"{""1"":true,""9"":0,""18"":0,""19"":0,""20"":2409,""21"":1,""22"":564,""23"":26748,""24"":14621,""25"":2840,""26"":0,""38"":""memory"",""41"":false,""44"":""""}"
2026-08-27T21:04:38.282,4.019,240.9,0.0,0.0,,"{""1"":true,""9"":0,""18"":0,""19"":0,""20"":2409,""21"":1,""22"":564,""23"":26748,""24"":14621,""25"":2840,""26"":0,""38"":""memory"",""41"":false,""44"":""""}"
2026-08-27T21:04:39.272,5.024,240.9,0.0,0.0,,"{""1"":true,""9"":0,""18"":0,""19"":0,""20"":2409,""21"":1,""22"":564,""23"":26748,""24"":14621,""25"":2840,""26"":0,""38"":""memory"",""41"":false,""44"":""""}"
2026-08-27T21:04:40.276,6.026,240.9,0.0,0.0,,"{""1"":true,""9"":0,""18"":0,""19"":0,""20"":2409,""21"":1,""22"":564,""23"":26748,""24"":14621,""25"":2840,""26"":0,""38"":""memory"",""41"":false,""44"":""""}"
2026-08-27T21:04:41.346,7.031,240.9,0.0,0.0,,"{""1"":true,""9"":0,""18"":0,""19"":0,""20"":2409,""21"":1,""22"":564,""23"":26748,""24"":14621,""25"":2840,""26"":0,""38"":""memory"",""41"":false,""44"":""""}"
2026-08-27T21:04:42.369,8.036,240.9,0.0,0.0,,"{""1"":true,""9"":0,""18"":0,""19"":0,""20"":2409,""21"":1,""22"":564,""23"":26748,""24"":14621,""25"":2840,""26"":0,""38"":""memory"",""41"":false,""44"":""""}"
2026-08-27T21:04:43.298,9.04,240.9,0.0,0.0,,"{""1"":true,""9"":0,""18"":0,""19"":0,""20"":2409,""21"":1,""22"":564,""23"":26748,""24"":14621,""25"":2840,""26"":0,""38"":""memory"",""41"":false,""44"":""""}"
2026-08-27T21:04:44.289,10.045,240.9,0.0,0.0,,"{""1"":true,""9"":0,""18"":0,""19"":0,""20"":2409,""21"":1,""22"":564,""23"":26748,""24"":14621,""25"":2840,""26"":0,""38"":""memory"",""41"":false,""44"":""""}"
2026-08-27T21:04:45.294,11.048,240.9,0.0,0.0,,"{""1"":true,""9"":0,""18"":0,""19"":0,""20"":2409,""21"":1,""22"":564,""23"":26748,""24"":14621,""25"":2840,""26"":0,""38"":""memory"",""41"":false,""44"":""""}"
2026-08-27T21:04:46.361,12.053,240.9,0.0,0.0,,"{""1"":true,""9"":0,""18"":0,""19"":0,""20"":2409,""21"":1,""22"":564,""23"":26748,""24"":14621,""25"":2840,""26"":0,""38"":""memory"",""41"":false,""44"":""""}"
2026-08-27T21:04:47.347,13.057,240.9,0.0,0.0,,"{""1"":true,""9"":0,""18"":0,""19"":0,""20"":2409,""21"":1,""22"":564,""23"":26748,""24"":14621,""25"":2840,""26"":0,""38"":""memory"",""41"":false,""44"":""""}"
2026-08-27T21:04:48.328,14.062,240.9,0.0,0.0,,"{""1"":true,""9"":0,""18"":0,""19"":0,""20"":2409,""21"":1,""22"":564,""23"":26748,""24"":14621,""25"":2840,""26"":0,""38"":""memory"",""41"":false,""44"":""""}"
2026-08-27T21:04:49.311,15.067,240.9,0.0,0.0,,"{""1"":true,""9"":0,""18"":0,""19"":0,""20"":2409,""21"":1,""22"":564,""23"":26748,""24"":14621,""25"":2840,""26"":0,""38"":""memory"",""41"":false,""44"":""""}"
2026-08-27T21:04:50.323,16.071,240.9,0.0,0.0,,"{""1"":true,""9"":0,""18"":0,""19"":0,""20"":2409,""21"":1,""22"":564,""23"":26748,""24"":14621,""25"":2840,""26"":0,""38"":""memory"",""41"":false,""44"":""""}"
2026-08-27T21:04:51.336,17.072,240.9,0.0,0.0,,"{""1"":true,""9"":0,""18"":0,""19"":0,""20"":2409,""21"":1,""22"":564,""23"":26748,""24"":14621,""25"":2840,""26"":0,""38"":""memory"",""41"":false,""44"":""""}"
2026-08-27T21:04:52.325,18.073,240.9,0.0,0.0,,"{""1"":true,""9"":0,""18"":0,""19"":0,""20"":2409,""21"":1,""22"":564,""23"":26748,""24"":14621,""25"":2840,""26"":0,""38"":""memory"",""41"":false,""44"":""""}"
2026-08-27T21:04:53.417,19.077,240.9,0.0,0.0,,"{""1"":true,""9"":0,""18"":0,""19"":0,""20"":2409,""21"":1,""22"":564,""23"":26748,""24"":14621,""25"":2840,""26"":0,""38"":""memory"",""41"":false,""44"":""""}"
2026-08-27T21:04:54.359,20.082,240.9,0.0,0.0,,"{""1"":true,""9"":0,""18"":0,""19"":0,""20"":2409,""21"":1,""22"":564,""23"":26748,""24"":14621,""25"":2840,""26"":0,""38"":""memory"",""41"":false,""44"":""""}"
2026-08-27T21:04:55.338,21.087,240.9,0.0,0.0,,"{""1"":true,""9"":0,""18"":0,""19"":0,""20"":2409,""21"":1,""22"":564,""23"":26748,""24"":14621,""25"":2840,""26"":0,""38"":""memory"",""41"":false,""44"":""""}"
2026-08-27T21:04:56.356,22.089,240.9,0.0,0.0,,"{""1"":true,""9"":0,""18"":0,""19"":0,""20"":2409,""21"":1,""22"":564,""23"":26748,""24"":14621,""25"":2840,""26"":0,""38"":""memory"",""41"":false,""44"":""""}"
2026-08-27T21:04:57.421,23.094,240.9,0.0,0.0,,"{""1"":true,""9"":0,""18"":0,""19"":0,""20"":2409,""21"":1,""22"":564,""23"":26748,""24"":14621,""25"":2840,""26"":0,""38"":""memory"",""41"":false,""44"":""""}"
2026-08-27T21:04:58.352,24.099,240.9,0.0,0.0,,"{""1"":true,""9"":0,""18"":0,""19"":0,""20"":2409,""21"":1,""22"":564,""23"":26748,""24"":14621,""25"":2840,""26"":0,""38"":""memory"",""41"":false,""44"":""""}"
2026-08-27T21:04:59.379,25.104,240.9,0.0,0.0,,"{""1"":true,""9"":0,""18"":0,""19"":0,""20"":2409,""21"":1,""22"":564,""23"":26748,""24"":14621,""25"":2840,""26"":0,""38"":""memory"",""41"":false,""44"":""""}"
2026-08-27T21:05:00.353,26.108,240.9,0.0,0.0,,"{""1"":true,""9"":0,""18"":0,""19"":0,""20"":2409,""21"":1,""22"":564,""23"":26748,""24"":14621,""25"":2840,""26"":0,""38"":""memory"",""41"":false,""44"":""""}"
2026-08-27T21:05:01.371,27.113,240.9,0.0,0.0,,"{""1"":true,""9"":0,""18"":0,""19"":0,""20"":2409,""21"":1,""22"":564,""23"":26748,""24"":14621,""25"":2840,""26"":0,""38"":""memory"",""41"":false,""44"":""""}"
2026-08-27T21:05:02.363,28.118,240.9,0.0,0.0,,"{""1"":true,""9"":0,""18"":0,""19"":0,""20"":2409,""21"":1,""22"":564,""23"":26748,""24"":14621,""25"":2840,""26"":0,""38"":""memory"",""41"":false,""44"":""""}"
2026-08-27T21:05:03.393,29.123,240.9,0.0,0.0,,"{""1"":true,""9"":0,""18"":0,""19"":0,""20"":2409,""21"":1,""22"":564,""23"":26748,""24"":14621,""25"":2840,""26"":0,""38"":""memory"",""41"":false,""44"":""""}"
2026-08-27T21:05:04.391,30.128,240.9,0.0,0.0,,"{""1"":true,""9"":0,""18"":0,""19"":0,""20"":2409,""21"":1,""22"":564,""23"":26748,""24"":14621,""25"":2840,""26"":0,""38"":""memory"",""41"":false,""44"":""""}"
2026-08-27T21:05:05.378,31.133,240.9,0.0,0.0,,"{""1"":true,""9"":0,""18"":0,""19"":0,""20"":2409,""21"":1,""22"":564,""23"":26748,""24"":14621,""25"":2840,""26"":0,""38"":""memory"",""41"":false,""44"":""""}"
2026-08-27T21:05:06.386,32.138,240.9,0.0,0.0,,"{""1"":true,""9"":0,""18"":0,""19"":0,""20"":2409,""21"":1,""22"":564,""23"":26748,""24"":14621,""25"":2840,""26"":0,""38"":""memory"",""41"":false,""44"":""""}"
2026-08-27T21:05:07.415,33.141,240.9,0.0,0.0,,"{""1"":true,""9"":0,""18"":0,""19"":0,""20"":2409,""21"":1,""22"":564,""23"":26748,""24"":14621,""25"":2840,""26"":0,""38"":""memory"",""41"":false,""44"":""""}"
2026-08-27T21:05:08.391,34.146,240.9,0.0,0.0,,"{""1"":true,""9"":0,""18"":0,""19"":0,""20"":2409,""21"":1,""22"":564,""23"":26748,""24"":14621,""25"":2840,""26"":0,""38"":""memory"",""41"":false,""44"":""""}"
2026-08-27T21:05:09.413,35.152,240.9,0.0,0.0,,"{""1"":true,""9"":0,""18"":0,""19"":0,""20"":2409,""21"":1,""22"":564,""23"":26748,""24"":14621,""25"":2840,""26"":0,""38"":""memory"",""41"":false,""44"":""""}"
2026-08-27T21:05:10.402,36.157,240.9,0.0,0.0,,"{""1"":true,""9"":0,""18"":0,""19"":0,""20"":2409,""21"":1,""22"":564,""23"":26748,""24"":14621,""25"":2840,""26"":0,""38"":""memory"",""41"":false,""44"":""""}"
2026-08-27T21:05:11.407,37.162,240.9,0.0,0.0,,"{""1"":true,""9"":0,""18"":0,""19"":0,""20"":2409,""21"":1,""22"":564,""23"":26748,""24"":14621,""25"":2840,""26"":0,""38"":""memory"",""41"":false,""44"":""""}"
2026-08-27T21:05:12.431,38.167,240.9,0.0,0.0,,"{""1"":true,""9"":0,""18"":0,""19"":0,""20"":2409,""21"":1,""22"":564,""23"":26748,""24"":14621,""25"":2840,""26"":0,""38"":""memory"",""41"":false,""44"":""""}"
2026-08-27T21:05:13.408,39.167,240.9,0.0,0.0,,"{""1"":true,""9"":0,""18"":0,""19"":0,""20"":2409,""21"":1,""22"":564,""23"":26748,""24"":14621,""25"":2840,""26"":0,""38"":""memory"",""41"":false,""44"":""""}"
2026-08-27T21:05:14.430,40.172,240.9,0.0,0.0,,"{""1"":true,""9"":0,""18"":0,""19"":0,""20"":2409,""21"":1,""22"":564,""23"":26748,""24"":14621,""25"":2840,""26"":0,""38"":""memory"",""41"":false,""44"":""""}"
2026-08-27T21:05:15.445,41.176,240.9,0.0,0.0,,"{""1"":true,""9"":0,""18"":0,""19"":0,""20"":2409,""21"":1,""22"":564,""23"":26748,""24"":14621,""25"":2840,""26"":0,""38"":""memory"",""41"":false,""44"":""""}"
2026-08-27T21:05:16.423,42.177,240.9,0.0,0.0,,"{""1"":true,""9"":0,""18"":0,""19"":0,""20"":2409,""21"":1,""22"":564,""23"":26748,""24"":14621,""25"":2840,""26"":0,""38"":""memory"",""41"":false,""44"":""""}"
2026-08-27T21:05:17.447,43.178,240.9,0.0,0.0,,"{""1"":true,""9"":0,""18"":0,""19"":0,""20"":2409,""21"":1,""22"":564,""23"":26748,""24"":14621,""25"":2840,""26"":0,""38"":""memory"",""41"":false,""44"":""""}"
2026-08-27T21:05:18.436,44.183,240.9,0.0,0.0,,"{""1"":true,""9"":0,""18"":0,""19"":0,""20"":2409,""21"":1,""22"":564,""23"":26748,""24"":14621,""25"":2840,""26"":0,""38"":""memory"",""41"":false,""44"":""""}"
2026-08-27T21:05:19.448,45.188,240.9,0.0,0.0,,"{""1"":true,""9"":0,""18"":0,""19"":0,""20"":2409,""21"":1,""22"":564,""23"":26748,""24"":14621,""25"":2840,""26"":0,""38"":""memory"",""41"":false,""44"":""""}"
2026-08-27T21:05:20.440,46.191,240.9,0.0,0.0,,"{""1"":true,""9"":0,""18"":0,""19"":0,""20"":2409,""21"":1,""22"":564,""23"":26748,""24"":14621,""25"":2840,""26"":0,""38"":""memory"",""41"":false,""44"":""""}"
2026-08-27T21:05:21.442,47.196,240.9,0.0,0.0,,"{""1"":true,""9"":0,""18"":0,""19"":0,""20"":2409,""21"":1,""22"":564,""23"":26748,""24"":14621,""25"":2840,""26"":0,""38"":""memory"",""41"":false,""44"":""""}"
2026-08-27T21:05:22.447,48.201,240.9,0.0,0.0,,"{""1"":true,""9"":0,""18"":0,""19"":0,""20"":2409,""21"":1,""22"":564,""23"":26748,""24"":14621,""25"":2840,""26"":0,""38"":""memory"",""41"":false,""44"":""""}"
2026-08-27T21:05:23.450,49.206,240.9,0.0,0.0,,"{""1"":true,""9"":0,""18"":0,""19"":0,""20"":2409,""21"":1,""22"":564,""23"":26748,""24"":14621,""25"":2840,""26"":0,""38"":""memory"",""41"":false,""44"":""""}"
2026-08-27T21:05:24.464,50.211,240.9,0.0,0.0,,"{""1"":true,""9"":0,""18"":0,""19"":0,""20"":2409,""21"":1,""22"":564,""23"":26748,""24"":14621,""25"":2840,""26"":0,""38"":""memory"",""41"":false,""44"":""""}"
2026-08-27T21:05:25.455,51.212,240.9,0.0,0.0,,"{""1"":true,""9"":0,""18"":0,""19"":0,""20"":2409,""21"":1,""22"":564,""23"":26748,""24"":14621,""25"":2840,""26"":0,""38"":""memory"",""41"":false,""44"":""""}"
2026-08-27T21:05:26.505,52.216,240.9,0.0,0.0,,"{""1"":true,""9"":0,""18"":0,""19"":0,""20"":2409,""21"":1,""22"":564,""23"":26748,""24"":14621,""25"":2840,""26"":0,""38"":""memory"",""41"":false,""44"":""""}"
2026-08-27T21:05:27.487,53.221,240.9,0.0,0.0,,"{""1"":true,""9"":0,""18"":0,""19"":0,""20"":2409,""21"":1,""22"":564,""23"":26748,""24"":14621,""25"":2840,""26"":0,""38"":""memory"",""41"":false,""44"":""""}"
2026-08-27T21:05:28.476,54.226,240.9,0.0,0.0,,"{""1"":true,""9"":0,""18"":0,""19"":0,""20"":2409,""21"":1,""22"":564,""23"":26748,""24"":14621,""25"":2840,""26"":0,""38"":""memory"",""41"":false,""44"":""""}"
2026-08-27T21:05:29.479,55.229,240.9,0.0,0.0,,"{""1"":true,""9"":0,""18"":0,""19"":0,""20"":2409,""21"":1,""22"":564,""23"":26748,""24"":14621,""25"":2840,""26"":0,""38"":""memory"",""41"":false,""44"":""""}"
2026-08-27T21:05:30.507,56.231,240.9,0.0,0.0,,"{""1"":true,""9"":0,""18"":0,""19"":0,""20"":2409,""21"":1,""22"":564,""23"":26748,""24"":14621,""25"":2840,""26"":0,""38"":""memory"",""41"":false,""44"":""""}"
2026-08-27T21:05:31.481,57.236,240.9,0.0,0.0,,"{""1"":true,""9"":0,""18"":0,""19"":0,""20"":2409,""21"":1,""22"":564,""23"":26748,""24"":14621,""25"":2840,""26"":0,""38"":""memory"",""41"":false,""44"":""""}"
2026-08-27T21:05:32.491,58.241,240.9,0.0,0.0,,"{""1"":true,""9"":0,""18"":0,""19"":0,""20"":2409,""21"":1,""22"":564,""23"":26748,""24"":14621,""25"":2840,""26"":0,""38"":""memory"",""41"":false,""44"":""""}"
2026-08-27T21:05:33.491,59.243,240.9,0.0,0.0,,"{""1"":true,""9"":0,""18"":0,""19"":0,""20"":2409,""21"":1,""22"":564,""23"":26748,""24"":14621,""25"":2840,""26"":0,""38"":""memory"",""41"":false,""44"":""""}"
2026-08-27T21:05:34.500,60.244,240.9,0.0,0.0,,"{""1"":true,""9"":0,""18"":0,""19"":0,""20"":2409,""21"":1,""22"":564,""23"":26748,""24"":14621,""25"":2840,""26"":0,""38"":""memory"",""41"":false,""44"":""""}"
2026-08-27T21:05:35.493,61.247,240.9,0.0,0.0,,"{""1"":true,""9"":0,""18"":0,""19"":0,""20"":2409,""21"":1,""22"":564,""23"":26748,""24"":14621,""25"":2840,""26"":0,""38"":""memory"",""41"":false,""44"":""""}"
2026-08-27T21:05:36.502,62.25,240.9,0.0,0.0,,"{""1"":true,""9"":0,""18"":0,""19"":0,""20"":2409,""21"":1,""22"":564,""23"":26748,""24"":14621,""25"":2840,""26"":0,""38"":""memory"",""41"":false,""44"":""""}"
2026-08-27T21:05:37.518,63.254,240.9,0.0,0.0,,"{""1"":true,""9"":0,""18"":0,""19"":0,""20"":2409,""21"":1,""22"":564,""23"":26748,""24"":14621,""25"":2840,""26"":0,""38"":""memory"",""41"":false,""44"":""""}"
2026-08-27T21:05:38.596,64.259,240.9,0.0,0.0,,"{""1"":true,""9"":0,""18"":0,""19"":0,""20"":2409,""21"":1,""22"":564,""23"":26748,""24"":14621,""25"":2840,""26"":0,""38"":""memory"",""41"":false,""44"":""""}"
2026-08-27T21:05:39.518,65.264,240.9,0.0,0.0,,"{""1"":true,""9"":0,""18"":0,""19"":0,""20"":2409,""21"":1,""22"":564,""23"":26748,""24"":14621,""25"":2840,""26"":0,""38"":""memory"",""41"":false,""44"":""""}"
2026-08-27T21:05:40.540,66.265,240.9,0.0,0.0,,"{""1"":true,""9"":0,""18"":0,""19"":0,""20"":2409,""21"":1,""22"":564,""23"":26748,""24"":14621,""25"":2840,""26"":0,""38"":""memory"",""41"":false,""44"":""""}"
2026-08-27T21:05:41.517,67.27,240.9,0.0,0.0,,"{""1"":true,""9"":0,""18"":0,""19"":0,""20"":2409,""21"":1,""22"":564,""23"":26748,""24"":14621,""25"":2840,""26"":0,""38"":""memory"",""41"":false,""44"":""""}"
2026-08-27T21:05:42.536,68.275,240.9,0.0,0.0,,"{""1"":true,""9"":0,""18"":0,""19"":0,""20"":2409,""21"":1,""22"":564,""23"":26748,""24"":14621,""25"":2840,""26"":0,""38"":""memory"",""41"":false,""44"":""""}"
2026-08-27T21:05:43.529,69.279,240.9,0.0,0.0,,"{""1"":true,""9"":0,""18"":0,""19"":0,""20"":2409,""21"":1,""22"":564,""23"":26748,""24"":14621,""25"":2840,""26"":0,""38"":""memory"",""41"":false,""44"":""""}"
2026-08-27T21:05:44.533,70.283,240.9,0.0,0.0,,"{""1"":true,""9"":0,""18"":0,""19"":0,""20"":2409,""21"":1,""22"":564,""23"":26748,""24"":14621,""25"":2840,""26"":0,""38"":""memory"",""41"":false,""44"":""""}"
2026-08-27T21:05:45.555,71.284,240.9,0.0,0.0,,"{""1"":true,""9"":0,""18"":0,""19"":0,""20"":2409,""21"":1,""22"":564,""23"":26748,""24"":14621,""25"":2840,""26"":0,""38"":""memory"",""41"":false,""44"":""""}"
2026-08-27T21:05:46.539,72.289,240.9,0.0,0.0,,"{""1"":true,""9"":0,""18"":0,""19"":0,""20"":2409,""21"":1,""22"":564,""23"":26748,""24"":14621,""25"":2840,""26"":0,""38"":""memory"",""41"":false,""44"":""""}"
2026-08-27T21:05:47.573,73.292,240.9,0.0,0.0,,"{""1"":true,""9"":0,""18"":0,""19"":0,""20"":2409,""21"":1,""22"":564,""23"":26748,""24"":14621,""25"":2840,""26"":0,""38"":""memory"",""41"":false,""44"":""""}"
2026-08-27T21:05:48.551,74.295,240.9,0.0,0.0,,"{""1"":true,""9"":0,""18"":0,""19"":0,""20"":2409,""21"":1,""22"":564,""23"":26748,""24"":14621,""25"":2840,""26"":0,""38"":""memory"",""41"":false,""44"":""""}"
2026-08-27T21:05:49.644,75.301,240.9,0.0,0.0,,"{""1"":true,""9"":0,""18"":0,""19"":0,""20"":2409,""21"":1,""22"":564,""23"":26748,""24"":14621,""25"":2840,""26"":0,""38"":""memory"",""41"":false,""44"":""""}"
2026-08-27T21:05:50.577,76.306,240.9,0.0,0.0,,"{""1"":true,""9"":0,""18"":0,""19"":0,""20"":2409,""21"":1,""22"":564,""23"":26748,""24"":14621,""25"":2840,""26"":0,""38"":""memory"",""41"":false,""44"":""""}"
2026-08-27T21:05:51.552,77.309,240.9,0.0,0.0,,"{""1"":true,""9"":0,""18"":0,""19"":0,""20"":2409,""21"":1,""22"":564,""23"":26748,""24"":14621,""25"":2840,""26"":0,""38"":""memory"",""41"":false,""44"":""""}"
2026-08-27T21:05:52.570,78.312,240.9,0.0,0.0,,"{""1"":true,""9"":0,""18"":0,""19"":0,""20"":2409,""21"":1,""22"":564,""23"":26748,""24"":14621,""25"":2840,""26"":0,""38"":""memory"",""41"":false,""44"":""""}"
2026-08-27T21:05:53.568,79.317,240.9,0.0,0.0,,"{""1"":true,""9"":0,""18"":0,""19"":0,""20"":2409,""21"":1,""22"":564,""23"":26748,""24"":14621,""25"":2840,""26"":0,""38"":""memory"",""41"":false,""44"":""""}"
2026-08-27T21:05:54.575,80.321,240.9,0.0,0.0,,"{""1"":true,""9"":0,""18"":0,""19"":0,""20"":2409,""21"":1,""22"":564,""23"":26748,""24"":14621,""25"":2840,""26"":0,""38"":""memory"",""41"":false,""44"":""""}"
2026-08-27T21:05:55.625,81.326,240.9,0.0,0.0,,"{""1"":true,""9"":0,""18"":0,""19"":0,""20"":2409,""21"":1,""22"":564,""23"":26748,""24"":14621,""25"":2840,""26"":0,""38"":""memory"",""41"":false,""44"":""""}"
2026-08-27T21:05:56.631,82.331,240.9,0.0,0.0,,"{""1"":true,""9"":0,""18"":0,""19"":0,""20"":2409,""21"":1,""22"":564,""23"":26748,""24"":14621,""25"":2840,""26"":0,""38"":""memory"",""41"":false,""44"":""""}"
2026-08-27T21:05:57.656,83.336,240.9,0.0,0.0,,"{""1"":true,""9"":0,""18"":0,""19"":0,""20"":2409,""21"":1,""22"":564,""23"":26748,""24"":14621,""25"":2840,""26"":0,""38"":""memory"",""41"":false,""44"":""""}"
2026-08-27T21:05:58.609,84.341,240.9,0.0,0.0,,"{""1"":true,""9"":0,""18"":0,""19"":0,""20"":2409,""21"":1,""22"":564,""23"":26748,""24"":14621,""25"":2840,""26"":0,""38"":""memory"",""41"":false,""44"":""""}"
2026-08-27T21:05:59.600,85.346,240.9,0.0,0.0,,"{""1"":true,""9"":0,""18"":0,""19"":0,""20"":2409,""21"":1,""22"":564,""23"":26748,""24"":14621,""25"":2840,""26"":0,""38"":""memory"",""41"":false,""44"":""""}"
2026-08-27T21:06:00.629,86.351,240.9,0.0,0.0,,"{""1"":true,""9"":0,""18"":0,""19"":0,""20"":2409,""21"":1,""22"":564,""23"":26748,""24"":14621,""25"":2840,""26"":0,""38"":""memory"",""41"":false,""44"":""""}"
2026-08-27T21:06:01.603,87.356,240.9,0.0,0.0,,"{""1"":true,""9"":0,""18"":0,""19"":0,""20"":2409,""21"":1,""22"":564,""23"":26748,""24"":14621,""25"":2840,""26"":0,""38"":""memory"",""41"":false,""44"":""""}"
2026-08-27T21:06:02.633,88.361,240.9,0.0,0.0,,"{""1"":true,""9"":0,""18"":0,""19"":0,""20"":2409,""21"":1,""22"":564,""23"":26748,""24"":14621,""25"":2840,""26"":0,""38"":""memory"",""41"":false,""44"":""""}"
2026-08-27T21:06:03.630,89.366,240.9,0.0,0.0,,"{""1"":true,""9"":0,""18"":0,""19"":0,""20"":2409,""21"":1,""22"":564,""23"":26748,""24"":14621,""25"":2840,""26"":0,""38"":""memory"",""41"":false,""44"":""""}"
2026-08-27T21:06:04.621,90.371,240.9,0.0,0.0,,"{""1"":true,""9"":0,""18"":0,""19"":0,""20"":2409,""21"":1,""22"":564,""23"":26748,""24"":14621,""25"":2840,""26"":0,""38"":""memory"",""41"":false,""44"":""""}"
2026-08-27T21:06:05.630,91.376,240.9,0.0,0.0,,"{""1"":true,""9"":0,""18"":0,""19"":0,""20"":2409,""21"":1,""22"":564,""23"":26748,""24"":14621,""25"":2840,""26"":0,""38"":""memory"",""41"":false,""44"":""""}"
2026-08-27T21:06:06.654,92.381,240.9,0.0,0.0,,"{""1"":true,""9"":0,""18"":0,""19"":0,""20"":2409,""21"":1,""22"":564,""23"":26748,""24"":14621,""25"":2840,""26"":0,""38"":""memory"",""41"":false,""44"":""""}"
2026-08-27T21:06:07.627,93.386,240.9,0.0,0.0,,"{""1"":true,""9"":0,""18"":0,""19"":0,""20"":2409,""21"":1,""22"":564,""23"":26748,""24"":14621,""25"":2840,""26"":0,""38"":""memory"",""41"":false,""44"":""""}"
2026-08-27T21:06:08.693,94.391,240.9,0.0,0.0,,"{""1"":true,""9"":0,""18"":0,""19"":0,""20"":2409,""21"":1,""22"":564,""23"":26748,""24"":14621,""25"":2840,""26"":0,""38"":""memory"",""41"":false,""44"":""""}"
2026-08-27T21:06:09.638,95.396,240.9,0.0,0.0,,"{""1"":true,""9"":0,""18"":0,""19"":0,""20"":2409,""21"":1,""22"":564,""23"":26748,""24"":14621,""25"":2840,""26"":0,""38"":""memory"",""41"":false,""44"":""""}"
2026-08-27T21:06:10.644,96.401,240.9,0.0,0.0,,"{""1"":true,""9"":0,""18"":0,""19"":0,""20"":2409,""21"":1,""22"":564,""23"":26748,""24"":14621,""25"":2840,""26"":0,""38"":""memory"",""41"":false,""44"":""""}"
2026-08-27T21:06:11.667,97.406,240.9,0.0,0.0,,"{""1"":true,""9"":0,""18"":0,""19"":0,""20"":2409,""21"":1,""22"":564,""23"":26748,""24"":14621,""25"":2840,""26"":0,""38"":""memory"",""41"":false,""44"":""""}"
2026-08-27T21:06:12.654,98.411,240.9,0.0,0.0,,"{""1"":true,""9"":0,""18"":0,""19"":0,""20"":2409,""21"":1,""22"":564,""23"":26748,""24"":14621,""25"":2840,""26"":0,""38"":""memory"",""41"":false,""44"":""""}"
2026-08-27T21:06:13.664,99.412,240.9,0.0,0.0,,"{""1"":true,""9"":0,""18"":0,""19"":0,""20"":2409,""21"":1,""22"":564,""23"":26748,""24"":14621,""25"":2840,""26"":0,""38"":""memory"",""41"":false,""44"":""""}"
2026-08-27T21:06:14.663,100.417,240.9,0.0,0.0,,"{""1"":true,""9"":0,""18"":0,""19"":0,""20"":2409,""21"":1,""22"":564,""23"":26748,""24"":14621,""25"":2840,""26"":0,""38"":""memory"",""41"":false,""44"":""""}"
2026-08-27T21:06:15.666,101.422,240.9,0.0,0.0,,"{""1"":true,""9"":0,""18"":0,""19"":0,""20"":2409,""21"":1,""22"":564,""23"":26748,""24"":14621,""25"":2840,""26"":0,""38"":""memory"",""41"":false,""44"":""""}"
2026-08-27T21:06:16.680,102.426,240.9,0.0,0.0,,"{""1"":true,""9"":0,""18"":0,""19"":0,""20"":2409,""21"":1,""22"":564,""23"":26748,""24"":14621,""25"":2840,""26"":0,""38"":""memory"",""41"":false,""44"":""""}"
2026-08-27T21:06:17.765,103.431,240.9,0.0,0.0,,"{""1"":true,""9"":0,""18"":0,""19"":0,""20"":2409,""21"":1,""22"":564,""23"":26748,""24"":14621,""25"":2840,""26"":0,""38"":""memory"",""41"":false,""44"":""""}"
2026-08-27T21:06:18.681,104.436,240.9,0.0,0.0,,"{""1"":true,""9"":0,""18"":0,""19"":0,""20"":2409,""21"":1,""22"":564,""23"":26748,""24"":14621,""25"":2840,""26"":0,""38"":""memory"",""41"":false,""44"":""""}"
2026-08-27T21:06:19.706,105.441,240.9,0.0,0.0,,"{""1"":true,""9"":0,""18"":0,""19"":0,""20"":2409,""21"":1,""22"":564,""23"":26748,""24"":14621,""25"":2840,""26"":0,""38"":""memory"",""41"":false,""44"":""""}"
2026-08-27T21:06:20.688,106.446,240.9,0.0,0.0,,"{""1"":true,""9"":0,""18"":0,""19"":0,""20"":2409,""21"":1,""22"":564,""23"":26748,""24"":14621,""25"":2840,""26"":0,""38"":""memory"",""41"":false,""44"":""""}"
2026-08-27T21:06:21.706,107.451,240.9,0.0,0.0,,"{""1"":true,""9"":0,""18"":0,""19"":0,""20"":2409,""21"":1,""22"":564,""23"":26748,""24"":14621,""25"":2840,""26"":0,""38"":""memory"",""41"":false,""44"":""""}"
2026-08-27T21:06:22.727,108.456,240.9,0.0,0.0,,"{""1"":true,""9"":0,""18"":0,""19"":0,""20"":2409,""21"":1,""22"":564,""23"":26748,""24"":14621,""25"":2840,""26"":0,""38"":""memory"",""41"":false,""44"":""""}"
2026-08-27T21:06:23.703,109.461,240.9,0.0,0.0,,"{""1"":true,""9"":0,""18"":0,""19"":0,""20"":2409,""21"":1,""22"":564,""23"":26748,""24"":14621,""25"":2840,""26"":0,""38"":""memory"",""41"":false,""44"":""""}"
2026-08-27T21:06:24.721,110.466,240.9,0.0,0.0,,"{""1"":true,""9"":0,""18"":0,""19"":0,""20"":2409,""21"":1,""22"":564,""23"":26748,""24"":14621,""25"":2840,""26"":0,""38"":""memory"",""41"":false,""44"":""""}"
2026-08-27T21:06:25.712,111.471,240.9,0.0,0.0,,"{""1"":true,""9"":0,""18"":0,""19"":0,""20"":2409,""21"":1,""22"":564,""23"":26748,""24"":14621,""25"":2840,""26"":0,""38"":""memory"",""41"":false,""44"":""""}"
2026-08-27T21:06:26.724,112.476,240.9,0.0,0.0,,"{""1"":true,""9"":0,""18"":0,""19"":0,""20"":2409,""21"":1,""22"":564,""23"":26748,""24"":14621,""25"":2840,""26"":0,""38"":""memory"",""41"":false,""44"":""""}"
2026-08-27T21:06:27.748,113.481,240.9,0.0,0.0,,"{""1"":true,""9"":0,""18"":0,""19"":0,""20"":2409,""21"":1,""22"":564,""23"":26748,""24"":14621,""25"":2840,""26"":0,""38"":""memory"",""41"":false,""44"":""""}"
2026-08-27T21:06:28.772,114.486,240.9,0.0,0.0,,"{""1"":true,""9"":0,""18"":0,""19"":0,""20"":2409,""21"":1,""22"":564,""23"":26748,""24"":14621,""25"":2840,""26"":0,""38"":""memory"",""41"":false,""44"":""""}"
2026-08-27T21:06:29.748,115.491,240.9,0.0,0.0,,"{""1"":true,""9"":0,""18"":0,""19"":0,""20"":2409,""21"":1,""22"":564,""23"":26748,""24"":14621,""25"":2840,""26"":0,""38"":""memory"",""41"":false,""44"":""""}"
2026-08-27T21:06:30.731,116.493,240.9,0.0,0.0,,"{""1"":true,""9"":0,""18"":0,""19"":0,""20"":2409,""21"":1,""22"":564,""23"":26748,""24"":14621,""25"":2840,""26"":0,""38"":""memory"",""41"":false,""44"":""""}"
2026-08-27T21:06:31.741,117.497,240.9,0.0,0.0,,"{""1"":true,""9"":0,""18"":0,""19"":0,""20"":2409,""21"":1,""22"":564,""23"":26748,""24"":14621,""25"":2840,""26"":0,""38"":""memory"",""41"":false,""44"":""""}"
2026-08-27T21:06:32.761,118.497,240.9,0.0,0.0,,"{""1"":true,""9"":0,""18"":0,""19"":0,""20"":2409,""21"":1,""22"":564,""23"":26748,""24"":14621,""25"":2840,""26"":0,""38"":""memory"",""41"":false,""44"":""""}"
2026-08-27T21:06:33.743,119.503,240.9,0.0,0.0,,"{""1"":true,""9"":0,""18"":0,""19"":0,""20"":2409,""21"":1,""22"":564,""23"":26748,""24"":14621,""25"":2840,""26"":0,""38"":""memory"",""41"":false,""44"":""""}"
2026-08-27T21:06:34.760,120.507,240.9,0.0,0.0,,"{""1"":true,""9"":0,""18"":0,""19"":0,""20"":2409,""21"":1,""22"":564,""23"":26748,""24"":14621,""25"":2840,""26"":0,""38"":""memory"",""41"":false,""44"":""""}"
2026-08-27T21:06:35.750,121.51,240.9,0.0,0.0,,"{""1"":true,""9"":0,""18"":0,""19"":0,""20"":2409,""21"":1,""22"":564,""23"":26748,""24"":14621,""25"":2840,""26"":0,""38"":""memory"",""41"":false,""44"":""""}"
2026-08-27T21:06:36.761,122.512,240.9,0.0,0.0,,"{""1"":true,""9"":0,""18"":0,""19"":0,""20"":2409,""21"":1,""22"":564,""23"":26748,""24"":14621,""25"":2840,""26"":0,""38"":""memory"",""41"":false,""44"":""""}"
2026-08-27T21:06:37.778,123.516,240.9,0.0,0.0,,"{""1"":true,""9"":0,""18"":0,""19"":0,""20"":2409,""21"":1,""22"":564,""23"":26748,""24"":14621,""25"":2840,""26"":0,""38"":""memory"",""41"":false,""44"":""""}"
2026-08-27T21:06:38.761,124.518,240.9,0.0,0.0,,"{""1"":true,""9"":0,""18"":0,""19"":0,""20"":2409,""21"":1,""22"":564,""23"":26748,""24"":14621,""25"":2840,""26"":0,""38"":""memory"",""41"":false,""44"":""""}"
2026-08-27T21:06:39.762,125.52,240.9,0.0,0.0,,"{""1"":true,""9"":0,""18"":0,""19"":0,""20"":2409,""21"":1,""22"":564,""23"":26748,""24"":14621,""25"":2840,""26"":0,""38"":""memory"",""41"":false,""44"":""""}"
2026-08-27T21:06:40.771,126.525,240.9,0.0,0.0,,"{""1"":true,""9"":0,""18"":0,""19"":0,""20"":2409,""21"":1,""22"":564,""23"":26748,""24"":14621,""25"":2840,""26"":0,""38"":""memory"",""41"":false,""44"":""""}"
2026-08-27T21:06:41.772,127.529,240.9,0.0,0.0,,"{""1"":true,""9"":0,""18"":0,""19"":0,""20"":2409,""21"":1,""22"":564,""23"":26748,""24"":14621,""25"":2840,""26"":0,""38"":""memory"",""41"":false,""44"":""""}"
2026-08-27T21:06:42.794,128.533,240.9,0.0,0.0,,"{""1"":true,""9"":0,""18"":0,""19"":0,""20"":2409,""21"":1,""22"":564,""23"":26748,""24"":14621,""25"":2840,""26"":0,""38"":""memory"",""41"":false,""44"":""""}"
2026-08-27T21:06:43.779,129.538,240.9,0.0,0.0,,"{""1"":true,""9"":0,""18"":0,""19"":0,""20"":2409,""21"":1,""22"":564,""23"":26748,""24"":14621,""25"":2840,""26"":0,""38"":""memory"",""41"":false,""44"":""""}"
2026-08-27T21:06:44.796,130.543,240.9,0.0,0.0,,"{""1"":true,""9"":0,""18"":0,""19"":0,""20"":2409,""21"":1,""22"":564,""23"":26748,""24"":14621,""25"":2840,""26"":0,""38"":""memory"",""41"":false,""44"":""""}"
2026-08-27T21:06:45.791,131.545,240.9,0.0,0.0,,"{""1"":true,""9"":0,""18"":0,""19"":0,""20"":2409,""21"":1,""22"":564,""23"":26748,""24"":14621,""25"":2840,""26"":0,""38"":""memory"",""41"":false,""44"":""""}"
2026-08-27T21:06:46.793,132.549,240.9,0.0,0.0,,"{""1"":true,""9"":0,""18"":0,""19"":0,""20"":2409,""21"":1,""22"":564,""23"":26748,""24"":14621,""25"":2840,""26"":0,""38"":""memory"",""41"":false,""44"":""""}"
2026-08-27T21:06:47.817,133.551,240.9,0.0,0.0,,"{""1"":true,""9"":0,""18"":0,""19"":0,""20"":2409,""21"":1,""22"":564,""23"":26748,""24"":14621,""25"":2840,""26"":0,""38"":""memory"",""41"":false,""44"":""""}"
2026-08-27T21:06:48.814,134.556,240.9,0.0,0.0,,"{""1"":true,""9"":0,""18"":0,""19"":0,""20"":2409,""21"":1,""22"":564,""23"":26748,""24"":14621,""25"":2840,""26"":0,""38"":""memory"",""41"":false,""44"":""""}"
2026-08-27T21:06:49.809,135.56,240.9,0.0,0.0,,"{""1"":true,""9"":0,""18"":0,""19"":0,""20"":2409,""21"":1,""22"":564,""23"":26748,""24"":14621,""25"":2840,""26"":0,""38"":""memory"",""41"":false,""44"":""""}"
2026-08-27T21:06:50.880,136.564,240.9,0.0,0.0,,"{""1"":true,""9"":0,""18"":0,""19"":0,""20"":2409,""21"":1,""22"":564,""23"":26748,""24"":14621,""25"":2840,""26"":0,""38"":""memory"",""41"":false,""44"":""""}"
2026-08-27T21:06:51.811,137.568,240.9,0.0,0.0,,"{""1"":true,""9"":0,""18"":0,""19"":0,""20"":2409,""21"":1,""22"":564,""23"":26748,""24"":14621,""25"":2840,""26"":0,""38"":""memory"",""41"":false,""44"":""""}"
2026-08-27T21:06:52.831,138.571,240.9,0.0,0.0,,"{""1"":true,""9"":0,""18"":0,""19"":0,""20"":2409,""21"":1,""22"":564,""23"":26748,""24"":14621,""25"":2840,""26"":0,""38"":""memory"",""41"":false,""44"":""""}"
2026-08-27T21:06:53.816,139.576,240.9,0.0,0.0,,"{""1"":true,""9"":0,""18"":0,""19"":0,""20"":2409,""21"":1,""22"":564,""23"":26748,""24"":14621,""25"":2840,""26"":0,""38"":""memory"",""41"":false,""44"":""""}"
2026-08-27T21:06:54.880,140.581,240.9,0.0,0.0,,"{""1"":true,""9"":0,""18"":0,""19"":0,""20"":2409,""21"":1,""22"":564,""23"":26748,""24"":14621,""25"":2840,""26"":0,""38"":""memory"",""41"":false,""44"":""""}"
2026-08-27T21:06:55.906,141.586,240.9,0.0,0.0,,"{""1"":true,""9"":0,""18"":0,""19"":0,""20"":2409,""21"":1,""22"":564,""23"":26748,""24"":14621,""25"":2840,""26"":0,""38"":""memory"",""41"":false,""44"":""""}"
2026-08-27T21:06:56.834,142.592,240.9,0.0,0.0,,"{""1"":true,""9"":0,""18"":0,""19"":0,""20"":2409,""21"":1,""22"":564,""23"":26748,""24"":14621,""25"":2840,""26"":0,""38"":""memory"",""41"":false,""44"":""""}"
2026-08-27T21:06:57.848,143.597,240.9,0.0,0.0,,"{""1"":true,""9"":0,""18"":0,""19"":0,""20"":2409,""21"":1,""22"":564,""23"":26748,""24"":14621,""25"":2840,""26"":0,""38"":""memory"",""41"":false,""44"":""""}"
2026-08-27T21:06:58.841,144.602,240.9,0.0,0.0,,"{""1"":true,""9"":0,""18"":0,""19"":0,""20"":2409,""21"":1,""22"":564,""23"":26748,""24"":14621,""25"":2840,""26"":0,""38"":""memory"",""41"":false,""44"":""""}"
2026-08-27T21:06:59.847,145.603,240.9,0.0,0.0,,"{""1"":true,""9"":0,""18"":0,""19"":0,""20"":2409,""21"":1,""22"":564,""23"":26748,""24"":14621,""25"":2840,""26"":0,""38"":""memory"",""41"":false,""44"":""""}"
2026-08-27T21:07:00.871,146.608,240.9,0.0,0.0,,"{""1"":true,""9"":0,""18"":0,""19"":0,""20"":2409,""21"":1,""22"":564,""23"":26748,""24"":14621,""25"":2840,""26"":0,""38"":""memory"",""41"":false,""44"":""""}"
2026-08-27T21:07:01.865,147.61,240.9,0.0,0.0,,"{""1"":true,""9"":0,""18"":0,""19"":0,""20"":2409,""21"":1,""22"":564,""23"":26748,""24"":14621,""25"":2840,""26"":0,""38"":""memory"",""41"":false,""44"":""""}"
2026-08-27T21:07:02.867,148.615,240.9,0.0,0.0,,"{""1"":true,""9"":0,""18"":0,""19"":0,""20"":2409,""21"":1,""22"":564,""23"":26748,""24"":14621,""25"":2840,""26"":0,""38"":""memory"",""41"":false,""44"":""""}"
2026-08-27T21:07:03.855,149.616,240.9,0.0,0.0,,"{""1"":true,""9"":0,""18"":0,""19"":0,""20"":2409,""21"":1,""22"":564,""23"":26748,""24"":14621,""25"":2840,""26"":0,""38"":""memory"",""41"":false,""44"":""""}"
2026-08-27T21:07:04.865,150.616,240.9,0.0,0.0,,"{""1"":true,""9"":0,""18"":0,""19"":0,""20"":2409,""21"":1,""22"":564,""23"":26748,""24"":14621,""25"":2840,""26"":0,""38"":""memory"",""41"":false,""44"":""""}"
2026-08-27T21:07:05.885,151.621,240.9,0.0,0.0,,"{""1"":true,""9"":0,""18"":0,""19"":0,""20"":2409,""21"":1,""22"":564,""23"":26748,""24"":14621,""25"":2840,""26"":0,""38"":""memory"",""41"":false,""44"":""""}"
2026-08-27T21:07:06.866,152.626,240.9,0.0,0.0,,"{""1"":true,""9"":0,""18"":0,""19"":0,""20"":2409,""21"":1,""22"":564,""23"":26748,""24"":14621,""25"":2840,""26"":0,""38"":""memory"",""41"":false,""44"":""""}"
2026-08-27T21:07:07.901,153.629,240.9,0.0,0.0,,"{""1"":true,""9"":0,""18"":0,""19"":0,""20"":2409,""21"":1,""22"":564,""23"":26748,""24"":14621,""25"":2840,""26"":0,""38"":""memory"",""41"":false,""44"":""""}"
2026-08-27T21:07:08.874,154.634,240.9,0.0,0.0,,"{""1"":true,""9"":0,""18"":0,""19"":0,""20"":2409,""21"":1,""22"":564,""23"":26748,""24"":14621,""25"":2840,""26"":0,""38"":""memory"",""41"":false,""44"":""""}"
2026-08-27T21:07:09.880,155.637,240.9,0.0,0.0,,"{""1"":true,""9"":0,""18"":0,""19"":0,""20"":2409,""21"":1,""22"":564,""23"":26748,""24"":14621,""25"":2840,""26"":0,""38"":""memory"",""41"":false,""44"":""""}"
2026-08-27T21:07:10.904,156.64,240.9,0.0,0.0,,"{""1"":true,""9"":0,""18"":0,""19"":0,""20"":2409,""21"":1,""22"":564,""23"":26748,""24"":14621,""25"":2840,""26"":0,""38"":""memory"",""41"":false,""44"":""""}"
2026-08-27T21:07:11.883,157.642,240.9,0.0,0.0,,"{""1"":true,""9"":0,""18"":0,""19"":0,""20"":2409,""21"":1,""22"":564,""23"":26748,""24"":14621,""25"":2840,""26"":0,""38"":""memory"",""41"":false,""44"":""""}"
2026-08-27T21:07:12.900,158.646,240.9,0.0,0.0,,"{""1"":true,""9"":0,""18"":0,""19"":0,""20"":2409,""21"":1,""22"":564,""23"":26748,""24"":14621,""25"":2840,""26"":0,""38"":""memory"",""41"":false,""44"":""""}"
2026-08-27T21:07:13.888,159.649,240.9,0.0,0.0,,"{""1"":true,""9"":0,""18"":0,""19"":0,""20"":2409,""21"":1,""22"":564,""23"":26748,""24"":14621,""25"":2840,""26"":0,""38"":""memory"",""41"":false,""44"":""""}"
2026-08-27T21:07:14.900,160.654,240.9,0.0,0.0,,"{""1"":true,""9"":0,""18"":0,""19"":0,""20"":2409,""21"":1,""22"":564,""23"":26748,""24"":14621,""25"":2840,""26"":0,""38"":""memory"",""41"":false,""44"":""""}"
2026-08-27T21:07:15.923,161.659,240.9,0.0,0.0,,"{""1"":true,""9"":0,""18"":0,""19"":0,""20"":2409,""21"":1,""22"":564,""23"":26748,""24"":14621,""25"":2840,""26"":0,""38"":""memory"",""41"":false,""44"":""""}"
2026-08-27T21:07:16.901,162.662,240.9,0.0,0.0,,"{""1"":true,""9"":0,""18"":0,""19"":0,""20"":2409,""21"":1,""22"":564,""23"":26748,""24"":14621,""25"":2840,""26"":0,""38"":""memory"",""41"":false,""44"":""""}"
2026-08-27T21:07:17.909,163.667,240.9,0.0,0.0,,"{""1"":true,""9"":0,""18"":0,""19"":0,""20"":2409,""21"":1,""22"":564,""23"":26748,""24"":14621,""25"":2840,""26"":0,""38"":""memory"",""41"":false,""44"":""""}"
2026-08-27T21:07:18.912,164.672,240.9,0.0,0.0,,"{""1"":true,""9"":0,""18"":0,""19"":0,""20"":2409,""21"":1,""22"":564,""23"":26748,""24"":14621,""25"":2840,""26"":0,""38"":""memory"",""41"":false,""44"":""""}"
2026-08-27T21:07:19.961,165.676,240.9,0.0,0.0,,"{""1"":true,""9"":0,""18"":0,""19"":0,""20"":2409,""21"":1,""22"":564,""23"":26748,""24"":14621,""25"":2840,""26"":0,""38"":""memory"",""41"":false,""44"":""""}"
2026-08-27T21:07:20.939,166.681,240.9,0.0,0.0,,"{""1"":true,""9"":0,""18"":0,""19"":0,""20"":2409,""21"":1,""22"":564,""23"":26748,""24"":14621,""25"":2840,""26"":0,""38"":""memory"",""41"":false,""44"":""""}"
2026-08-27T21:07:21.981,167.686,240.9,0.0,0.0,,"{""1"":true,""9"":0,""18"":0,""19"":0,""20"":2409,""21"":1,""22"":564,""23"":26748,""24"":14621,""25"":2840,""26"":0,""38"":""memory"",""41"":false,""44"":""""}"
2026-08-27T21:07:22.936,168.691,240.9,0.0,0.0,,"{""1"":true,""9"":0,""18"":0,""19"":0,""20"":2409,""21"":1,""22"":564,""23"":26748,""24"":14621,""25"":2840,""26"":0,""38"":""memory"",""41"":false,""44"":""""}"
2026-08-27T21:07:23.960,169.696,240.9,0.0,0.0,,"{""1"":true,""9"":0,""18"":0,""19"":0,""20"":2409,""21"":1,""22"":564,""23"":26748,""24"":14621,""25"":2840,""26"":0,""38"":""memory"",""41"":false,""44"":""""}"
2026-08-27T21:07:24.939,170.696,240.9,0.0,0.0,,"{""1"":true,""9"":0,""18"":0,""19"":0,""20"":2409,""21"":1,""22"":564,""23"":26748,""24"":14621,""25"":2840,""26"":0,""38"":""memory"",""41"":false,""44"":""""}"
2026-08-27T21:07:25.956,171.697,240.9,0.0,0.0,,"{""1"":true,""9"":0,""18"":0,""19"":0,""20"":2409,""21"":1,""22"":564,""23"":26748,""24"":14621,""25"":2840,""26"":0,""38"":""memory"",""41"":false,""44"":""""}"
2026-08-27T21:07:26.940,172.698,240.9,0.0,0.0,,"{""1"":true,""9"":0,""18"":0,""19"":0,""20"":2409,""21"":1,""22"":564,""23"":26748,""24"":14621,""25"":2840,""26"":0,""38"":""memory"",""41"":false,""44"":""""}"
2026-08-27T21:07:27.971,173.703,240.9,0.0,0.0,,"{""1"":true,""9"":0,""18"":0,""19"":0,""20"":2409,""21"":1,""22"":564,""23"":26748,""24"":14621,""25"":2840,""26"":0,""38"":""memory"",""41"":false,""44"":""""}"
2026-08-27T21:07:28.972,174.706,240.9,0.0,0.0,,"{""1"":true,""9"":0,""18"":0,""19"":0,""20"":2409,""21"":1,""22"":564,""23"":26748,""24"":14621,""25"":2840,""26"":0,""38"":""memory"",""41"":false,""44"":""""}"
2026-08-27T21:07:29.953,175.708,240.9,0.0,0.0,,"{""1"":true,""9"":0,""18"":0,""19"":0,""20"":2409,""21"":1,""22"":564,""23"":26748,""24"":14621,""25"":2840,""26"":0,""38"":""memory"",""41"":false,""44"":""""}"
2026-08-27T21:07:30.975,176.713,240.9,0.0,0.0,,"{""1"":true,""9"":0,""18"":0,""19"":0,""20"":2409,""21"":1,""22"":564,""23"":26748,""24"":14621,""25"":2840,""26"":0,""38"":""memory"",""41"":false,""44"":""""}"
2026-08-27T21:07:31.957,177.717,240.9,0.0,0.0,,"{""1"":true,""9"":0,""18"":0,""19"":0,""20"":2409,""21"":1,""22"":564,""23"":26748,""24"":14621,""25"":2840,""26"":0,""38"":""memory"",""41"":false,""44"":""""}"
2026-08-27T21:07:32.972,178.722,240.9,0.0,0.0,,"{""1"":true,""9"":0,""18"":0,""19"":0,""20"":2409,""21"":1,""22"":564,""23"":26748,""24"":14621,""25"":2840,""26"":0,""38"":""memory"",""41"":false,""44"":""""}"
2026-08-27T21:07:33.997,179.727,240.9,0.0,0.0,,"{""1"":true,""9"":0,""18"":0,""19"":0,""20"":2409,""21"":1,""22"":564,""23"":26748,""24"":14621,""25"":2840,""26"":0,""38"":""memory"",""41"":false,""44"":""""}"
2026-08-27T21:07:34.970,180.728,240.9,0.0,0.0,,"{""1"":true,""9"":0,""18"":0,""19"":0,""20"":2409,""21"":1,""22"":564,""23"":26748,""24"":14621,""25"":2840,""26"":0,""38"":""memory"",""41"":false,""44"":""""}"
2026-08-27T21:07:35.993,181.729,240.9,0.0,0.0,,"{""1"":true,""9"":0,""18"":0,""19"":0,""20"":2409,""21"":1,""22"":564,""23"":26748,""24"":14621,""25"":2840,""26"":0,""38"":""memory"",""41"":false,""44"":""""}"
2026-08-27T21:07:36.971,182.729,240.9,0.0,0.0,,"{""1"":true,""9"":0,""18"":0,""19"":0,""20"":2409,""21"":1,""22"":564,""23"":26748,""24"":14621,""25"":2840,""26"":0,""38"":""memory"",""41"":false,""44"":""""}"
2026-08-27T21:07:37.990,183.733,240.9,0.0,0.0,,"{""1"":true,""9"":0,""18"":0,""19"":0,""20"":2409,""21"":1,""22"":564,""23"":26748,""24"":14621,""25"":2840,""26"":0,""38"":""memory"",""41"":false,""44"":""""}"
2026-08-27T21:07:38.979,184.738,240.9,0.0,0.0,,"{""1"":true,""9"":0,""18"":0,""19"":0,""20"":2409,""21"":1,""22"":564,""23"":26748,""24"":14621,""25"":2840,""26"":0,""38"":""memory"",""41"":false,""44"":""""}"
2026-08-27T21:07:39.987,185.743,240.9,0.0,0.0,,"{""1"":true,""9"":0,""18"":0,""19"":0,""20"":2409,""21"":1,""22"":564,""23"":26748,""24"":14621,""25"":2840,""26"":0,""38"":""memory"",""41"":false,""44"":""""}"
2026-08-27T21:07:41.055,186.746,240.9,0.0,0.0,,"{""1"":true,""9"":0,""18"":0,""19"":0,""20"":2409,""21"":1,""22"":564,""23"":26748,""24"":14621,""25"":2840,""26"":0,""38"":""memory"",""41"":false,""44"":""""}"
2026-08-27T21:07:41.991,187.751,240.9,0.0,0.0,,"{""1"":true,""9"":0,""18"":0,""19"":0,""20"":2409,""21"":1,""22"":564,""23"":26748,""24"":14621,""25"":2840,""26"":0,""38"":""memory"",""41"":false,""44"":""""}"
2026-08-27T21:07:43.010,188.754,240.9,0.0,0.0,,"{""1"":true,""9"":0,""18"":0,""19"":0,""20"":2409,""21"":1,""22"":564,""23"":26748,""24"":14621,""25"":2840,""26"":0,""38"":""memory"",""41"":false,""44"":""""}"
2026-08-27T21:07:43.998,189.759,240.9,0.0,0.0,,"{""1"":true,""9"":0,""18"":0,""19"":0,""20"":2409,""21"":1,""22"":564,""23"":26748,""24"":14621,""25"":2840,""26"":0,""38"":""memory"",""41"":false,""44"":""""}"
2026-08-27T21:07:45.006,190.76,240.9,0.0,0.0,,"{""1"":true,""9"":0,""18"":0,""19"":0,""20"":2409,""21"":1,""22"":564,""23"":26748,""24"":14621,""25"":2840,""26"":0,""38"":""memory"",""41"":false,""44"":""""}"
2026-08-27T21:07:46.074,191.765,240.9,0.0,0.0,,"{""1"":true,""9"":0,""18"":0,""19"":0,""20"":2409,""21"":1,""22"":564,""23"":26748,""24"":14621,""25"":2840,""26"":0,""38"":""memory"",""41"":false,""44"":""""}"
2026-08-27T21:07:47.009,192.77,240.9,0.0,0.0,,"{""1"":true,""9"":0,""18"":0,""19"":0,""20"":2409,""21"":1,""22"":564,""23"":26748,""24"":14621,""25"":2840,""26"":0,""38"":""memory"",""41"":false,""44"":""""}"
2026-08-27T21:07:48.265,193.775,240.9,0.0,0.0,,"{""1"":true,""9"":0,""18"":0,""19"":0,""20"":2409,""21"":1,""22"":564,""23"":26748,""24"":14621,""25"":2840,""26"":0,""38"":""memory"",""41"":false,""44"":""""}"
2026-08-27T21:07:49.025,194.778,240.9,0.0,0.0,,"{""1"":true,""9"":0,""18"":0,""19"":0,""20"":2409,""21"":1,""22"":564,""23"":26748,""24"":14621,""25"":2840,""26"":0,""38"":""memory"",""41"":false,""44"":""""}"
2026-08-27T21:07:50.067,195.783,240.9,0.0,0.0,,"{""1"":true,""9"":0,""18"":0,""19"":0,""20"":2409,""21"":1,""22"":564,""23"":26748,""24"":14621,""25"":2840,""26"":0,""38"":""memory"",""41"":false,""44"":""""}"
2026-08-27T21:07:51.047,196.788,240.9,0.0,0.0,,"{""1"":true,""9"":0,""18"":0,""19"":0,""20"":2409,""21"":1,""22"":564,""23"":26748,""24"":14621,""25"":2840,""26"":0,""38"":""memory"",""41"":false,""44"":""""}"
2026-08-27T21:07:52.034,197.793,240.9,0.0,0.0,,"{""1"":true,""9"":0,""18"":0,""19"":0,""20"":2409,""21"":1,""22"":564,""23"":26748,""24"":14621,""25"":2840,""26"":0,""38"":""memory"",""41"":false,""44"":""""}"
2026-08-27T21:07:53.041,198.798,240.9,0.0,0.0,,"{""1"":true,""9"":0,""18"":0,""19"":0,""20"":2409,""21"":1,""22"":564,""23"":26748,""24"":14621,""25"":2840,""26"":0,""38"":""memory"",""41"":false,""44"":""""}"
2026-08-27T21:07:54.037,199.803,237.2,3.343,794.9,,"{""20"":2372,""18"":3343,""19"":7949}"
2026-08-27T21:07:55.044,200.808,237.2,3.343,794.9,,"{""1"":true,""9"":0,""18"":3343,""19"":7949,""20"":2372,""21"":1,""22"":564,""23"":26748,""24"":14621,""25"":2840,""26"":0,""38"":""memory"",""41"":false,""44"":""""}"
2026-08-27T21:07:56.046,201.81,237.2,3.343,794.9,,"{""1"":true,""9"":0,""18"":3343,""19"":7949,""20"":2372,""21"":1,""22"":564,""23"":26748,""24"":14621,""25"":2840,""26"":0,""38"":""memory"",""41"":false,""44"":""""}"
2026-08-27T21:07:57.049,202.815,237.2,3.343,794.9,,"{""1"":true,""9"":0,""18"":3343,""19"":7949,""20"":2372,""21"":1,""22"":564,""23"":26748,""24"":14621,""25"":2840,""26"":0,""38"":""memory"",""41"":false,""44"":""""}"
2026-08-27T21:07:58.054,203.817,237.2,3.343,794.9,,"{""1"":true,""9"":0,""18"":3343,""19"":7949,""20"":2372,""21"":1,""22"":564,""23"":26748,""24"":14621,""25"":2840,""26"":0,""38"":""memory"",""41"":false,""44"":""""}"
2026-08-27T21:07:59.055,204.821,237.2,3.343,794.9,,"{""1"":true,""9"":0,""18"":3343,""19"":7949,""20"":2372,""21"":1,""22"":564,""23"":26748,""24"":14621,""25"":2840,""26"":0,""38"":""memory"",""41"":false,""44"":""""}"
2026-08-27T21:08:00.061,205.826,237.2,3.343,794.9,,"{""1"":true,""9"":0,""18"":3343,""19"":7949,""20"":2372,""21"":1,""22"":564,""23"":26748,""24"":14621,""25"":2840,""26"":0,""38"":""memory"",""41"":false,""44"":""""}"
2026-08-27T21:08:01.068,206.831,237.2,3.343,794.9,,"{""1"":true,""9"":0,""18"":3343,""19"":7949,""20"":2372,""21"":1,""22"":564,""23"":26748,""24"":14621,""25"":2840,""26"":0,""38"":""memory"",""41"":false,""44"":""""}"
2026-08-27T21:08:02.072,207.836,237.2,3.343,794.9,,"{""1"":true,""9"":0,""18"":3343,""19"":7949,""20"":2372,""21"":1,""22"":564,""23"":26748,""24"":14621,""25"":2840,""26"":0,""38"":""memory"",""41"":false,""44"":""""}"
2026-08-27T21:08:03.077,208.841,237.2,3.343,794.9,,"{""1"":true,""9"":0,""18"":3343,""19"":7949,""20"":2372,""21"":1,""22"":564,""23"":26748,""24"":14621,""25"":2840,""26"":0,""38"":""memory"",""41"":false,""44"":""""}"
2026-08-27T21:08:04.080,209.845,237.2,3.343,794.9,,"{""1"":true,""9"":0,""18"":3343,""19"":7949,""20"":2372,""21"":1,""22"":564,""23"":26748,""24"":14621,""25"":2840,""26"":0,""38"":""memory"",""41"":false,""44"":""""}"
2026-08-27T21:08:05.086,210.85,237.2,3.343,794.9,,"{""1"":true,""9"":0,""18"":3343,""19"":7949,""20"":2372,""21"":1,""22"":564,""23"":26748,""24"":14621,""25"":2840,""26"":0,""38"":""memory"",""41"":false,""44"":""""}"
2026-08-27T21:08:06.089,211.852,237.2,3.343,794.9,,"{""1"":true,""9"":0,""18"":3343,""19"":7949,""20"":2372,""21"":1,""22"":564,""23"":26748,""24"":14621,""25"":2840,""26"":0,""38"":""memory"",""41"":false,""44"":""""}"
2026-08-27T21:08:07.093,212.857,237.2,3.343,794.9,,"{""1"":true,""9"":0,""18"":3343,""19"":7949,""20"":2372,""21"":1,""22"":564,""23"":26748,""24"":14621,""25"":2840,""26"":0,""38"":""memory"",""41"":false,""44"":""""}"
2026-08-27T21:08:08.097,213.862,237.2,3.343,794.9,,"{""1"":true,""9"":0,""18"":3343,""19"":7949,""20"":2372,""21"":1,""22"":564,""23"":26748,""24"":14621,""25"":2840,""26"":0,""38"":""memory"",""41"":false,""44"":""""}"
2026-08-27T21:08:09.102,214.866,237.2,3.343,794.9,,"{""1"":true,""9"":0,""18"":3343,""19"":7949,""20"":2372,""21"":1,""22"":564,""23"":26748,""24"":14621,""25"":2840,""26"":0,""38"":""memory"",""41"":false,""44"":""""}"
2026-08-27T21:08:10.107,215.871,237.2,3.343,794.9,,"{""1"":true,""9"":0,""18"":3343,""19"":7949,""20"":2372,""21"":1,""22"":564,""23"":26748,""24"":14621,""25"":2840,""26"":0,""38"":""memory"",""41"":false,""44"":""""}"
2026-08-27T21:08:11.112,216.876,237.2,3.343,794.9,,"{""1"":true,""9"":0,""18"":3343,""19"":7949,""20"":2372,""21"":1,""22"":564,""23"":26748,""24"":14621,""25"":2840,""26"":0,""38"":""memory"",""41"":false,""44"":""""}"
2026-08-27T21:08:12.114,217.878,237.2,3.343,794.9,,"{""1"":true,""9"":0,""18"":3343,""19"":7949,""20"":2372,""21"":1,""22"":564,""23"":26748,""24"":14621,""25"":2840,""26"":0,""38"":""memory"",""41"":false,""44"":""""}"
2026-08-27T21:08:13.118,218.883,237.2,3.343,794.9,,"{""1"":true,""9"":0,""18"":3343,""19"":7949,""20"":2372,""21"":1,""22"":564,""23"":26748,""24"":14621,""25"":2840,""26"":0,""38"":""memory"",""41"":false,""44"":""""}"
2026-08-27T21:08:14.124,219.888,237.2,3.343,794.9,,"{""1"":true,""9"":0,""18"":3343,""19"":7949,""20"":2372,""21"":1,""22"":564,""23"":26748,""24"":14621,""25"":2840,""26"":0,""38"":""memory"",""41"":false,""44"":""""}"
2026-08-27T21:08:15.125,220.889,237.2,3.343,794.9,,"{""1"":true,""9"":0,""18"":3343,""19"":7949,""20"":2372,""21"":1,""22"":564,""23"":26748,""24"":14621,""25"":2840,""26"":0,""38"":""memory"",""41"":false,""44"":""""}"
2026-08-27T21:08:16.130,221.894,237.2,3.343,794.9,,"{""1"":true,""9"":0,""18"":3343,""19"":7949,""20"":2372,""21"":1,""22"":564,""23"":26748,""24"":14621,""25"":2840,""26"":0,""38"":""memory"",""41"":false,""44"":""""}"
2026-08-27T21:08:17.133,222.897,237.2,3.343,794.9,,"{""1"":true,""9"":0,""18"":3343,""19"":7949,""20"":2372,""21"":1,""22"":564,""23"":26748,""24"":14621,""25"":2840,""26"":0,""38"":""memory"",""41"":false,""44"":""""}"
2026-08-27T21:08:18.137,223.901,237.2,3.343,794.9,,"{""1"":true,""9"":0,""18"":3343,""19"":7949,""20"":2372,""21"":1,""22"":564,""23"":26748,""24"":14621,""25"":2840,""26"":0,""38"":""memory"",""41"":false,""44"":""""}"
2026-08-27T21:08:19.140,224.906,237.2,3.343,794.9,,"{""1"":true,""9"":0,""18"":3343,""19"":7949,""20"":2372,""21"":1,""22"":564,""23"":26748,""24"":14621,""25"":2840,""26"":0,""38"":""memory"",""41"":false,""44"":""""}"
2026-08-27T21:08:20.147,225.911,237.2,3.343,794.9,,"{""1"":true,""9"":0,""18"":3343,""19"":7949,""20"":2372,""21"":1,""22"":564,""23"":26748,""24"":14621,""25"":2840,""26"":0,""38"":""memory"",""41"":false,""44"":""""}"
2026-08-27T21:08:21.153,226.917,237.2,3.343,794.9,,"{""1"":true,""9"":0,""18"":3343,""19"":7949,""20"":2372,""21"":1,""22"":564,""23"":26748,""24"":14621,""25"":2840,""26"":0,""38"":""memory"",""41"":false,""44"":""""}"
2026-08-27T21:08:22.158,227.922,237.2,3.343,794.9,,"{""1"":true,""9"":0,""18"":3343,""19"":7949,""20"":2372,""21"":1,""22"":564,""23"":26748,""24"":14621,""25"":2840,""26"":0,""38"":""memory"",""41"":false,""44"":""""}"
2026-08-27T21:08:23.163,228.927,237.2,3.343,794.9,,"{""1"":true,""9"":0,""18"":3343,""19"":7949,""20"":2372,""21"":1,""22"":564,""23"":26748,""24"":14621,""25"":2840,""26"":0,""38"":""memory"",""41"":false,""44"":""""}"
2026-08-27T21:08:24.168,229.932,237.2,3.343,794.9,,"{""1"":true,""9"":0,""18"":3343,""19"":7949,""20"":2372,""21"":1,""22"":564,""23"":26748,""24"":14621,""25"":2840,""26"":0,""38"":""memory"",""41"":false,""44"":""""}"
2026-08-27T21:08:25.168,230.932,237.2,3.343,794.9,,"{""1"":true,""9"":0,""18"":3343,""19"":7949,""20"":2372,""21"":1,""22"":564,""23"":26748,""24"":14621,""25"":2840,""26"":0,""38"":""memory"",""41"":false,""44"":""""}"
2026-08-27T21:08:26.173,231.937,237.2,3.343,794.9,,"{""1"":true,""9"":0,""18"":3343,""19"":7949,""20"":2372,""21"":1,""22"":564,""23"":26748,""24"":14621,""25"":2840,""26"":0,""38"":""memory"",""41"":false,""44"":""""}"
2026-08-27T21:08:27.176,232.941,237.2,3.343,794.9,,"{""1"":true,""9"":0,""18"":3343,""19"":7949,""20"":2372,""21"":1,""22"":564,""23"":26748,""24"":14621,""25"":2840,""26"":0,""38"":""memory"",""41"":false,""44"":""""}"
2026-08-27T21:08:28.182,233.946,237.2,3.343,794.9,,"{""1"":true,""9"":0,""18"":3343,""19"":7949,""20"":2372,""21"":1,""22"":564,""23"":26748,""24"":14621,""25"":2840,""26"":0,""38"":""memory"",""41"":false,""44"":""""}"
2026-08-27T21:08:29.181,234.946,237.2,3.343,794.9,,"{""1"":true,""9"":0,""18"":3343,""19"":7949,""20"":2372,""21"":1,""22"":564,""23"":26748,""24"":14621,""25"":2840,""26"":0,""38"":""memory"",""41"":false,""44"":""""}"
2026-08-27T21:08:30.187,235.951,240.4,0.0,0.0,,"{""20"":2404,""18"":0,""19"":0}"
2026-08-27T21:08:31.191,236.955,240.4,0.0,0.0,,"{""1"":true,""9"":0,""18"":0,""19"":0,""20"":2404,""21"":1,""22"":564,""23"":26748,""24"":14621,""25"":2840,""26"":0,""38"":""memory"",""41"":false,""44"":""""}"
2026-08-27T21:08:32.194,237.96,240.4,0.0,0.0,,"{""1"":true,""9"":0,""18"":0,""19"":0,""20"":2404,""21"":1,""22"":564,""23"":26748,""24"":14621,""25"":2840,""26"":0,""38"":""memory"",""41"":false,""44"":""""}"
2026-08-27T21:08:33.198,238.963,240.4,0.0,0.0,,"{""1"":true,""9"":0,""18"":0,""19"":0,""20"":2404,""21"":1,""22"":564,""23"":26748,""24"":14621,""25"":2840,""26"":0,""38"":""memory"",""41"":false,""44"":""""}"
2026-08-27T21:08:34.203,239.968,240.4,0.0,0.0,,"{""1"":true,""9"":0,""18"":0,""19"":0,""20"":2404,""21"":1,""22"":564,""23"":26748,""24"":14621,""25"":2840,""26"":0,""38"":""memory"",""41"":false,""44"":""""}"
2026-08-27T21:08:35.208,240.973,240.4,0.0,0.0,,"{""1"":true,""9"":0,""18"":0,""19"":0,""20"":2404,""21"":1,""22"":564,""23"":26748,""24"":14621,""25"":2840,""26"":0,""38"":""memory"",""41"":false,""44"":""""}"
2026-08-27T21:08:36.213,241.978,240.4,0.0,0.0,,"{""1"":true,""9"":0,""18"":0,""19"":0,""20"":2404,""21"":1,""22"":564,""23"":26748,""24"":14621,""25"":2840,""26"":0,""38"":""memory"",""41"":false,""44"":""""}"
2026-08-27T21:08:37.216,242.98,240.4,0.0,0.0,,"{""1"":true,""9"":0,""18"":0,""19"":0,""20"":2404,""21"":1,""22"":564,""23"":26748,""24"":14621,""25"":2840,""26"":0,""38"":""memory"",""41"":false,""44"":""""}"
2026-08-27T21:08:38.220,243.985,240.4,0.0,0.0,,"{""1"":true,""9"":0,""18"":0,""19"":0,""20"":2404,""21"":1,""22"":564,""23"":26748,""24"":14621,""25"":2840,""26"":0,""38"":""memory"",""41"":false,""44"":""""}"
2026-08-27T21:08:39.224,244.988,240.4,0.0,0.0,,"{""1"":true,""9"":0,""18"":0,""19"":0,""20"":2404,""21"":1,""22"":564,""23"":26748,""24"":14621,""25"":2840,""26"":0,""38"":""memory"",""41"":false,""44"":""""}"
2026-08-27T21:08:40.225,245.99,240.4,0.0,0.0,,"{""1"":true,""9"":0,""18"":0,""19"":0,""20"":2404,""21"":1,""22"":564,""23"":26748,""24"":14621,""25"":2840,""26"":0,""38"":""memory"",""41"":false,""44"":""""}"
2026-08-27T21:08:41.230,246.995,240.4,0.0,0.0,,"{""1"":true,""9"":0,""18"":0,""19"":0,""20"":2404,""21"":1,""22"":564,""23"":26748,""24"":14621,""25"":2840,""26"":0,""38"":""memory"",""41"":false,""44"":""""}"
2026-08-27T21:08:42.234,248.0,240.4,0.0,0.0,,"{""1"":true,""9"":0,""18"":0,""19"":0,""20"":2404,""21"":1,""22"":564,""23"":26748,""24"":14621,""25"":2840,""26"":0,""38"":""memory"",""41"":false,""44"":""""}"
2026-08-27T21:08:43.240,249.005,240.4,0.0,0.0,,"{""1"":true,""9"":0,""18"":0,""19"":0,""20"":2404,""21"":1,""22"":564,""23"":26748,""24"":14621,""25"":2840,""26"":0,""38"":""memory"",""41"":false,""44"":""""}"
2026-08-27T21:08:44.245,250.01,240.4,0.0,0.0,,"{""1"":true,""9"":0,""18"":0,""19"":0,""20"":2404,""21"":1,""22"":564,""23"":26748,""24"":14621,""25"":2840,""26"":0,""38"":""memory"",""41"":false,""44"":""""}"
2026-08-27T21:08:45.251,251.015,240.4,0.0,0.0,,"{""1"":true,""9"":0,""18"":0,""19"":0,""20"":2404,""21"":1,""22"":564,""23"":26748,""24"":14621,""25"":2840,""26"":0,""38"":""memory"",""41"":false,""44"":""""}"
2026-08-27T21:08:46.252,252.016,240.4,0.0,0.0,,"{""1"":true,""9"":0,""18"":0,""19"":0,""20"":2404,""21"":1,""22"":564,""23"":26748,""24"":14621,""25"":2840,""26"":0,""38"":""memory"",""41"":false,""44"":""""}"
2026-08-27T21:08:47.256,253.021,240.4,0.0,0.0,,"{""1"":true,""9"":0,""18"":0,""19"":0,""20"":2404,""21"":1,""22"":564,""23"":26748,""24"":14621,""25"":2840,""26"":0,""38"":""memory"",""41"":false,""44"":""""}"
2026-08-27T21:08:48.260,254.026,240.4,0.0,0.0,,"{""1"":true,""9"":0,""18"":0,""19"":0,""20"":2404,""21"":1,""22"":564,""23"":26748,""24"":14621,""25"":2840,""26"":0,""38"":""memory"",""41"":false,""44"":""""}"
2026-08-27T21:08:49.263,255.027,240.4,0.0,0.0,,"{""1"":true,""9"":0,""18"":0,""19"":0,""20"":2404,""21"":1,""22"":564,""23"":26748,""24"":14621,""25"":2840,""26"":0,""38"":""memory"",""41"":false,""44"":""""}"
2026-08-27T21:08:50.265,256.032,240.4,0.0,0.0,,"{""1"":true,""9"":0,""18"":0,""19"":0,""20"":2404,""21"":1,""22"":564,""23"":26748,""24"":14621,""25"":2840,""26"":0,""38"":""memory"",""41"":false,""44"":""""}"
2026-08-27T21:08:51.267,257.032,240.4,0.0,0.0,,"{""1"":true,""9"":0,""18"":0,""19"":0,""20"":2404,""21"":1,""22"":564,""23"":26748,""24"":14621,""25"":2840,""26"":0,""38"":""memory"",""41"":false,""44"":""""}"
2026-08-27T21:08:52.271,258.037,240.4,0.0,0.0,,"{""1"":true,""9"":0,""18"":0,""19"":0,""20"":2404,""21"":1,""22"":564,""23"":26748,""24"":14621,""25"":2840,""26"":0,""38"":""memory"",""41"":false,""44"":""""}"
2026-08-27T21:08:53.276,259.042,240.4,0.0,0.0,,"{""1"":true,""9"":0,""18"":0,""19"":0,""20"":2404,""21"":1,""22"":564,""23"":26748,""24"":14621,""25"":2840,""26"":0,""38"":""memory"",""41"":false,""44"":""""}"
2026-08-27T21:08:54.280,260.046,240.4,0.0,0.0,,"{""1"":true,""9"":0,""18"":0,""19"":0,""20"":2404,""21"":1,""22"":564,""23"":26748,""24"":14621,""25"":2840,""26"":0,""38"":""memory"",""41"":false,""44"":""""}"
2026-08-27T21:08:55.287,261.051,240.4,0.0,0.0,,"{""1"":true,""9"":0,""18"":0,""19"":0,""20"":2404,""21"":1,""22"":564,""23"":26748,""24"":14621,""25"":2840,""26"":0,""38"":""memory"",""41"":false,""44"":""""}"
2026-08-27T21:08:56.286,262.051,240.4,0.0,0.0,,"{""1"":true,""9"":0,""18"":0,""19"":0,""20"":2404,""21"":1,""22"":564,""23"":26748,""24"":14621,""25"":2840,""26"":0,""38"":""memory"",""41"":false,""44"":""""}"
2026-08-27T21:08:57.289,263.056,240.4,0.0,0.0,,"{""1"":true,""9"":0,""18"":0,""19"":0,""20"":2404,""21"":1,""22"":564,""23"":26748,""24"":14621,""25"":2840,""26"":0,""38"":""memory"",""41"":false,""44"":""""}"
2026-08-27T21:08:58.292,264.057,240.4,0.0,0.0,,"{""1"":true,""9"":0,""18"":0,""19"":0,""20"":2404,""21"":1,""22"":564,""23"":26748,""24"":14621,""25"":2840,""26"":0,""38"":""memory"",""41"":false,""44"":""""}"
2026-08-27T21:08:59.296,265.062,240.4,0.0,0.0,,"{""1"":true,""9"":0,""18"":0,""19"":0,""20"":2404,""21"":1,""22"":564,""23"":26748,""24"":14621,""25"":2840,""26"":0,""38"":""memory"",""41"":false,""44"":""""}"
2026-08-27T21:09:00.303,266.067,240.4,0.0,0.0,,"{""1"":true,""9"":0,""18"":0,""19"":0,""20"":2404,""21"":1,""22"":564,""23"":26748,""24"":14621,""25"":2840,""26"":0,""38"":""memory"",""41"":false,""44"":""""}"
2026-08-27T21:09:01.308,267.072,240.4,0.0,0.0,,"{""1"":true,""9"":0,""18"":0,""19"":0,""20"":2404,""21"":1,""22"":564,""23"":26748,""24"":14621,""25"":2840,""26"":0,""38"":""memory"",""41"":false,""44"":""""}"
2026-08-27T21:09:02.312,268.077,240.4,0.0,0.0,,"{""1"":true,""9"":0,""18"":0,""19"":0,""20"":2404,""21"":1,""22"":564,""23"":26748,""24"":14621,""25"":2840,""26"":0,""38"":""memory"",""41"":false,""44"":""""}"
2026-08-27T21:09:03.317,269.082,240.4,0.0,0.0,,"{""1"":true,""9"":0,""18"":0,""19"":0,""20"":2404,""21"":1,""22"":564,""23"":26748,""24"":14621,""25"":2840,""26"":0,""38"":""memory"",""41"":false,""44"":""""}"
2026-08-27T21:09:04.322,270.087,240.4,0.0,0.0,,"{""1"":true,""9"":0,""18"":0,""19"":0,""20"":2404,""21"":1,""22"":564,""23"":26748,""24"":14621,""25"":2840,""26"":0,""38"":""memory"",""41"":false,""44"":""""}"
2026-08-27T21:09:05.326,271.091,240.4,0.0,0.0,,"{""1"":true,""9"":0,""18"":0,""19"":0,""20"":2404,""21"":1,""22"":564,""23"":26748,""24"":14621,""25"":2840,""26"":0,""38"":""memory"",""41"":false,""44"":""""}"
2026-08-27T21:09:06.332,272.096,240.4,0.0,0.0,,"{""1"":true,""9"":0,""18"":0,""19"":0,""20"":2404,""21"":1,""22"":564,""23"":26748,""24"":14621,""25"":2840,""26"":0,""38"":""memory"",""41"":false,""44"":""""}"
2026-08-27T21:09:07.336,273.101,240.4,0.0,0.0,,"{""1"":true,""9"":0,""18"":0,""19"":0,""20"":2404,""21"":1,""22"":564,""23"":26748,""24"":14621,""25"":2840,""26"":0,""38"":""memory"",""41"":false,""44"":""""}"
2026-08-27T21:09:08.338,274.103,240.4,0.0,0.0,,"{""1"":true,""9"":0,""18"":0,""19"":0,""20"":2404,""21"":1,""22"":564,""23"":26748,""24"":14621,""25"":2840,""26"":0,""38"":""memory"",""41"":false,""44"":""""}"
2026-08-27T21:09:09.340,275.105,240.4,0.0,0.0,,"{""1"":true,""9"":0,""18"":0,""19"":0,""20"":2404,""21"":1,""22"":564,""23"":26748,""24"":14621,""25"":2840,""26"":0,""38"":""memory"",""41"":false,""44"":""""}"
2026-08-27T21:09:10.342,276.107,240.4,0.0,0.0,,"{""1"":true,""9"":0,""18"":0,""19"":0,""20"":2404,""21"":1,""22"":564,""23"":26748,""24"":14621,""25"":2840,""26"":0,""38"":""memory"",""41"":false,""44"":""""}"
2026-08-27T21:09:11.348,277.112,240.4,0.0,0.0,,"{""1"":true,""9"":0,""18"":0,""19"":0,""20"":2404,""21"":1,""22"":564,""23"":26748,""24"":14621,""25"":2840,""26"":0,""38"":""memory"",""41"":false,""44"":""""}"
2026-08-27T21:09:12.353,278.117,240.4,0.0,0.0,,"{""1"":true,""9"":0,""18"":0,""19"":0,""20"":2404,""21"":1,""22"":564,""23"":26748,""24"":14621,""25"":2840,""26"":0,""38"":""memory"",""41"":false,""44"":""""}"
2026-08-27T21:09:13.356,279.121,240.4,0.0,0.0,,"{""1"":true,""9"":0,""18"":0,""19"":0,""20"":2404,""21"":1,""22"":564,""23"":26748,""24"":14621,""25"":2840,""26"":0,""38"":""memory"",""41"":false,""44"":""""}"
2026-08-27T21:09:14.358,280.123,240.4,0.0,0.0,,"{""1"":true,""9"":0,""18"":0,""19"":0,""20"":2404,""21"":1,""22"":564,""23"":26748,""24"":14621,""25"":2840,""26"":0,""38"":""memory"",""41"":false,""44"":""""}"
2026-08-27T21:09:15.363,281.128,240.4,0.0,0.0,,"{""1"":true,""9"":0,""18"":0,""19"":0,""20"":2404,""21"":1,""22"":564,""23"":26748,""24"":14621,""25"":2840,""26"":0,""38"":""memory"",""41"":false,""44"":""""}"
2026-08-27T21:09:16.368,282.133,240.4,0.0,0.0,,"{""1"":true,""9"":0,""18"":0,""19"":0,""20"":2404,""21"":1,""22"":564,""23"":26748,""24"":14621,""25"":2840,""26"":0,""38"":""memory"",""41"":false,""44"":""""}"
2026-08-27T21:09:17.373,283.138,240.4,0.0,0.0,,"{""1"":true,""9"":0,""18"":0,""19"":0,""20"":2404,""21"":1,""22"":564,""23"":26748,""24"":14621,""25"":2840,""26"":0,""38"":""memory"",""41"":false,""44"":""""}"
2026-08-27T21:09:18.378,284.143,240.4,0.0,0.0,,"{""1"":true,""9"":0,""18"":0,""19"":0,""20"":2404,""21"":1,""22"":564,""23"":26748,""24"":14621,""25"":2840,""26"":0,""38"":""memory"",""41"":false,""44"":""""}"
2026-08-27T21:09:19.381,285.146,240.4,0.0,0.0,,"{""1"":true,""9"":0,""18"":0,""19"":0,""20"":2404,""21"":1,""22"":564,""23"":26748,""24"":14621,""25"":2840,""26"":0,""38"":""memory"",""41"":false,""44"":""""}"
2026-08-27T21:09:20.386,286.151,240.4,0.0,0.0,,"{""1"":true,""9"":0,""18"":0,""19"":0,""20"":2404,""21"":1,""22"":564,""23"":26748,""24"":14621,""25"":2840,""26"":0,""38"":""memory"",""41"":false,""44"":""""}"
2026-08-27T21:09:21.391,287.156,240.4,0.0,0.0,,"{""1"":true,""9"":0,""18"":0,""19"":0,""20"":2404,""21"":1,""22"":564,""23"":26748,""24"":14621,""25"":2840,""26"":0,""38"":""memory"",""41"":false,""44"":""""}"
2026-08-27T21:09:22.396,288.161,240.4,0.0,0.0,,"{""1"":true,""9"":0,""18"":0,""19"":0,""20"":2404,""21"":1,""22"":564,""23"":26748,""24"":14621,""25"":2840,""26"":0,""38"":""memory"",""41"":false,""44"":""""}"
2026-08-27T21:09:23.395,289.162,240.4,0.0,0.0,,"{""1"":true,""9"":0,""18"":0,""19"":0,""20"":2404,""21"":1,""22"":564,""23"":26748,""24"":14621,""25"":2840,""26"":0,""38"":""memory"",""41"":false,""44"":""""}"
2026-08-27T21:09:24.401,290.166,240.4,0.0,0.0,,"{""1"":true,""9"":0,""18"":0,""19"":0,""20"":2404,""21"":1,""22"":564,""23"":26748,""24"":14621,""25"":2840,""26"":0,""38"":""memory"",""41"":false,""44"":""""}"
2026-08-27T21:09:25.405,291.17,240.4,0.0,0.0,,"{""1"":true,""9"":0,""18"":0,""19"":0,""20"":2404,""21"":1,""22"":564,""23"":26748,""24"":14621,""25"":2840,""26"":0,""38"":""memory"",""41"":false,""44"":""""}"
2026-08-27T21:09:26.410,292.175,240.4,0.0,0.0,,"{""1"":true,""9"":0,""18"":0,""19"":0,""20"":2404,""21"":1,""22"":564,""23"":26748,""24"":14621,""25"":2840,""26"":0,""38"":""memory"",""41"":false,""44"":""""}"
2026-08-27T21:09:27.411,293.176,240.4,0.0,0.0,,"{""1"":true,""9"":0,""18"":0,""19"":0,""20"":2404,""21"":1,""22"":564,""23"":26748,""24"":14621,""25"":2840,""26"":0,""38"":""memory"",""41"":false,""44"":""""}"
2026-08-27T21:09:28.416,294.181,240.4,0.0,0.0,,"{""1"":true,""9"":0,""18"":0,""19"":0,""20"":2404,""21"":1,""22"":564,""23"":26748,""24"":14621,""25"":2840,""26"":0,""38"":""memory"",""41"":false,""44"":""""}"
2026-08-27T21:09:29.421,295.186,240.4,0.0,0.0,,"{""1"":true,""9"":0,""18"":0,""19"":0,""20"":2404,""21"":1,""22"":564,""23"":26748,""24"":14621,""25"":2840,""26"":0,""38"":""memory"",""41"":false,""44"":""""}"
2026-08-27T21:09:30.423,296.189,240.4,0.0,0.0,,"{""1"":true,""9"":0,""18"":0,""19"":0,""20"":2404,""21"":1,""22"":564,""23"":26748,""24"":14621,""25"":2840,""26"":0,""38"":""memory"",""41"":false,""44"":""""}"
2026-08-27T21:09:31.428,297.194,240.4,0.0,0.0,,"{""1"":true,""9"":0,""18"":0,""19"":0,""20"":2404,""21"":1,""22"":564,""23"":26748,""24"":14621,""25"":2840,""26"":0,""38"":""memory"",""41"":false,""44"":""""}"
2026-08-27T21:09:32.431,298.199,240.4,0.0,0.0,,"{""1"":true,""9"":0,""18"":0,""19"":0,""20"":2404,""21"":1,""22"":564,""23"":26748,""24"":14621,""25"":2840,""26"":0,""38"":""memory"",""41"":false,""44"":""""}"
2026-08-27T21:09:33.437,299.203,240.4,0.0,0.0,,"{""1"":true,""9"":0,""18"":0,""19"":0,""20"":2404,""21"":1,""22"":564,""23"":26748,""24"":14621,""25"":2840,""26"":0,""38"":""memory"",""41"":false,""44"":""""}"
2026-08-27T21:09:34.442,300.207,240.4,0.0,0.0,,"{""1"":true,""9"":0,""18"":0,""19"":0,""20"":2404,""21"":1,""22"":564,""23"":26748,""24"":14621,""25"":2840,""26"":0,""38"":""memory"",""41"":false,""44"":""""}"
2026-08-27T21:09:35.443,301.209,240.4,0.0,0.0,,"{""1"":true,""9"":0,""18"":0,""19"":0,""20"":2404,""21"":1,""22"":564,""23"":26748,""24"":14621,""25"":2840,""26"":0,""38"":""memory"",""41"":false,""44"":""""}"
2026-08-27T21:09:36.443,302.21,240.4,0.0,0.0,,"{""1"":true,""9"":0,""18"":0,""19"":0,""20"":2404,""21"":1,""22"":564,""23"":26748,""24"":14621,""25"":2840,""26"":0,""38"":""memory"",""41"":false,""44"":""""}"
2026-08-27T21:09:37.448,303.214,240.4,0.0,0.0,,"{""1"":true,""9"":0,""18"":0,""19"":0,""20"":2404,""21"":1,""22"":564,""23"":26748,""24"":14621,""25"":2840,""26"":0,""38"":""memory"",""41"":false,""44"":""""}"
2026-08-27T21:09:38.454,304.219,240.4,0.0,0.0,,"{""1"":true,""9"":0,""18"":0,""19"":0,""20"":2404,""21"":1,""22"":564,""23"":26748,""24"":14621,""25"":2840,""26"":0,""38"":""memory"",""41"":false,""44"":""""}"
2026-08-27T21:09:39.459,305.224,240.4,0.0,0.0,,"{""1"":true,""9"":0,""18"":0,""19"":0,""20"":2404,""21"":1,""22"":564,""23"":26748,""24"":14621,""25"":2840,""26"":0,""38"":""memory"",""41"":false,""44"":""""}"
2026-08-27T21:09:40.463,306.228,240.4,0.0,0.0,,"{""1"":true,""9"":0,""18"":0,""19"":0,""20"":2404,""21"":1,""22"":564,""23"":26748,""24"":14621,""25"":2840,""26"":0,""38"":""memory"",""41"":false,""44"":""""}"
2026-08-27T21:09:41.467,307.232,240.4,0.0,0.0,,"{""1"":true,""9"":0,""18"":0,""19"":0,""20"":2404,""21"":1,""22"":564,""23"":26748,""24"":14621,""25"":2840,""26"":0,""38"":""memory"",""41"":false,""44"":""""}"
2026-08-27T21:09:42.471,308.237,240.4,0.0,0.0,,"{""1"":true,""9"":0,""18"":0,""19"":0,""20"":2404,""21"":1,""22"":564,""23"":26748,""24"":14621,""25"":2840,""26"":0,""38"":""memory"",""41"":false,""44"":""""}"
2026-08-27T21:09:43.473,309.238,240.4,0.0,0.0,,"{""1"":true,""9"":0,""18"":0,""19"":0,""20"":2404,""21"":1,""22"":564,""23"":26748,""24"":14621,""25"":2840,""26"":0,""38"":""memory"",""41"":false,""44"":""""}"
2026-08-27T21:09:44.478,310.243,240.4,0.0,0.0,,"{""1"":true,""9"":0,""18"":0,""19"":0,""20"":2404,""21"":1,""22"":564,""23"":26748,""24"":14621,""25"":2840,""26"":0,""38"":""memory"",""41"":false,""44"":""""}"
2026-08-27T21:09:45.481,311.248,240.4,0.0,0.0,,"{""1"":true,""9"":0,""18"":0,""19"":0,""20"":2404,""21"":1,""22"":564,""23"":26748,""24"":14621,""25"":2840,""26"":0,""38"":""memory"",""41"":false,""44"":""""}"
2026-08-27T21:09:46.488,312.254,240.4,0.0,0.0,,"{""1"":true,""9"":0,""18"":0,""19"":0,""20"":2404,""21"":1,""22"":564,""23"":26748,""24"":14621,""25"":2840,""26"":0,""38"":""memory"",""41"":false,""44"":""""}"
2026-08-27T21:09:47.493,313.259,240.4,0.0,0.0,,"{""1"":true,""9"":0,""18"":0,""19"":0,""20"":2404,""21"":1,""22"":564,""23"":26748,""24"":14621,""25"":2840,""26"":0,""38"":""memory"",""41"":false,""44"":""""}"
2026-08-27T21:09:48.498,314.264,240.4,0.0,0.0,,"{""1"":true,""9"":0,""18"":0,""19"":0,""20"":2404,""21"":1,""22"":564,""23"":26748,""24"":14621,""25"":2840,""26"":0,""38"":""memory"",""41"":false,""44"":""""}"
2026-08-27T21:09:49.503,315.269,240.4,0.0,0.0,,"{""1"":true,""9"":0,""18"":0,""19"":0,""20"":2404,""21"":1,""22"":564,""23"":26748,""24"":14621,""25"":2840,""26"":0,""38"":""memory"",""41"":false,""44"":""""}"
2026-08-27T21:09:50.508,316.274,240.4,0.0,0.0,,"{""1"":true,""9"":0,""18"":0,""19"":0,""20"":2404,""21"":1,""22"":564,""23"":26748,""24"":14621,""25"":2840,""26"":0,""38"":""memory"",""41"":false,""44"":""""}"
2026-08-27T21:09:51.511,317.276,240.4,0.0,0.0,,"{""1"":true,""9"":0,""18"":0,""19"":0,""20"":2404,""21"":1,""22"":564,""23"":26748,""24"":14621,""25"":2840,""26"":0,""38"":""memory"",""41"":false,""44"":""""}"
2026-08-27T21:09:52.515,318.281,240.4,0.0,0.0,,"{""1"":true,""9"":0,""18"":0,""19"":0,""20"":2404,""21"":1,""22"":564,""23"":26748,""24"":14621,""25"":2840,""26"":0,""38"":""memory"",""41"":false,""44"":""""}"
2026-08-27T21:09:53.518,319.283,240.4,0.0,0.0,,"{""1"":true,""9"":0,""18"":0,""19"":0,""20"":2404,""21"":1,""22"":564,""23"":26748,""24"":14621,""25"":2840,""26"":0,""38"":""memory"",""41"":false,""44"":""""}"
